Timestamp,Current(mA),Resistance(kohm),dR,Relay,Error
2026-05-29 11:52:22,102.4,0.049,0,0,OK
2026-05-29 11:52:23,102.4,0.049,0.0,0,OK
2026-05-29 11:52:24,102.4,0.049,0.0,0,OK
2026-05-29 11:52:25,102.4,0.049,0.0,0,OK
2026-05-29 11:52:26,102.4,0.049,0.0,0,OK
2026-05-29 11:52:27,102.4,0.049,0.0,0,OK
2026-05-29 11:52:28,102.4,0.049,0.0,0,OK
2026-05-29 11:52:29,102.4,0.049,0.0,0,OK
2026-05-29 11:52:30,102.4,0.049,0.0,0,OK
2026-05-29 11:52:31,102.4,0.049,0.0,0,OK
2026-05-29 11:52:32,102.4,0.049,0.0,0,OK
2026-05-29 11:52:33,102.4,0.049,0.0,0,OK
2026-05-29 11:52:34,102.4,0.049,0.0,0,OK
2026-05-29 11:52:35,102.4,0.049,0.0,0,OK
2026-05-29 11:52:36,102.4,0.049,0.0,0,OK
2026-05-29 11:52:37,102.4,0.049,0.0,0,OK
2026-05-29 11:52:38,102.4,0.049,0.0,0,OK
2026-05-29 11:52:39,102.4,0.049,0.0,0,OK
2026-05-29 11:52:40,102.4,0.049,0.0,0,OK
2026-05-29 11:52:41,102.4,0.049,0.0,0,OK
2026-05-29 11:52:42,102.4,0.049,0.0,0,OK
2026-05-29 11:52:43,102.4,0.049,0.0,0,OK
2026-05-29 11:52:44,102.4,0.049,0.0,0,OK
2026-05-29 11:52:45,102.4,0.049,0.0,0,OK
2026-05-29 11:52:46,102.4,0.049,0.0,0,OK
2026-05-29 11:52:47,102.4,0.049,0.0,0,OK
2026-05-29 11:52:48,102.4,0.049,0.0,0,OK
2026-05-29 11:52:49,102.4,0.049,0.0,0,OK
2026-05-29 11:52:50,102.4,0.049,0.0,0,OK
2026-05-29 11:52:51,102.4,0.049,0.0,0,OK
2026-05-29 11:52:52,102.4,0.049,0.0,0,OK
2026-05-29 11:52:53,102.4,0.049,0.0,0,OK
2026-05-29 11:52:54,102.4,0.049,0.0,0,OK
2026-05-29 11:52:55,102.4,0.049,0.0,0,OK
2026-05-29 11:52:56,102.4,0.049,0.0,0,OK
2026-05-29 11:52:57,102.4,0.049,0.0,0,OK
2026-05-29 11:52:58,102.4,0.049,0.0,0,OK
2026-05-29 11:52:59,102.4,0.049,0.0,0,OK
2026-05-29 11:53:00,102.4,0.049,0.0,0,OK
2026-05-29 11:53:01,102.4,0.049,0.0,0,OK
2026-05-29 11:53:02,102.4,0.049,0.0,0,OK
2026-05-29 11:53:03,102.4,0.049,0.0,0,OK
2026-05-29 11:53:04,102.4,0.049,0.0,0,OK
2026-05-29 11:53:05,102.4,0.049,0.0,0,OK
2026-05-29 11:53:06,102.4,0.049,0.0,0,OK
2026-05-29 11:53:07,102.4,0.049,0.0,0,OK
2026-05-29 11:53:08,102.4,0.049,0.0,0,OK
2026-05-29 11:53:09,102.4,0.049,0.0,0,OK
2026-05-29 11:53:10,102.4,0.049,0.0,0,OK
2026-05-29 11:53:11,102.4,0.049,0.0,0,OK
2026-05-29 11:53:12,102.4,0.049,0.0,0,OK
2026-05-29 11:53:13,102.4,0.049,0.0,0,OK
2026-05-29 11:53:14,102.4,0.049,0.0,0,OK
2026-05-29 11:53:15,102.4,0.049,0.0,0,OK
2026-05-29 11:53:16,102.4,0.049,0.0,0,OK
2026-05-29 11:53:17,102.4,0.049,0.0,0,OK
2026-05-29 11:53:18,102.4,0.049,0.0,0,OK
2026-05-29 11:53:19,102.4,0.049,0.0,0,OK
2026-05-29 11:53:20,102.4,0.049,0.0,0,OK
2026-05-29 11:53:21,102.4,0.049,0.0,0,OK
2026-05-29 11:53:22,102.4,0.049,0.0,0,OK
2026-05-29 11:53:23,102.4,0.049,0.0,0,OK
2026-05-29 11:53:24,102.4,0.049,0.0,0,OK
2026-05-29 11:53:25,102.4,0.049,0.0,0,OK
2026-05-29 11:53:26,102.4,0.049,0.0,0,OK
2026-05-29 11:53:27,102.4,0.049,0.0,0,OK
2026-05-29 11:53:28,102.4,0.049,0.0,0,OK
2026-05-29 11:53:29,102.4,0.049,0.0,0,OK
2026-05-29 11:53:30,102.4,0.049,0.0,0,OK
2026-05-29 11:53:31,102.4,0.049,0.0,0,OK
2026-05-29 11:53:32,102.4,0.049,0.0,0,OK
2026-05-29 11:53:33,102.4,0.049,0.0,0,OK
2026-05-29 11:53:34,102.4,0.049,0.0,0,OK
2026-05-29 11:53:35,102.4,0.049,0.0,0,OK
2026-05-29 11:53:36,102.4,0.049,0.0,0,OK
2026-05-29 11:53:37,102.4,0.049,0.0,0,OK
2026-05-29 11:53:38,102.4,0.049,0.0,0,OK
2026-05-29 11:53:39,102.4,0.049,0.0,0,OK
2026-05-29 11:53:40,102.4,0.049,0.0,0,OK
2026-05-29 11:53:41,102.4,0.049,0.0,0,OK
2026-05-29 11:53:42,102.4,0.049,0.0,0,OK
2026-05-29 11:53:43,102.4,0.049,0.0,0,OK
2026-05-29 11:53:44,102.4,0.049,0.0,0,OK
2026-05-29 11:53:45,102.4,0.049,0.0,0,OK
2026-05-29 11:53:46,102.4,0.049,0.0,0,OK
2026-05-29 11:53:47,102.4,0.049,0.0,0,OK
2026-05-29 11:53:48,102.4,0.049,0.0,0,OK
2026-05-29 11:53:49,102.4,0.049,0.0,0,OK
2026-05-29 11:53:50,102.4,0.049,0.0,0,OK
2026-05-29 11:53:51,102.4,0.049,0.0,0,OK
2026-05-29 11:53:52,102.4,0.049,0.0,0,OK
2026-05-29 11:53:53,102.4,0.049,0.0,0,OK
2026-05-29 11:53:54,102.4,0.049,0.0,0,OK
2026-05-29 11:53:55,102.4,0.049,0.0,0,OK
2026-05-29 11:53:56,102.4,0.049,0.0,0,OK
2026-05-29 11:53:57,102.4,0.049,0.0,0,OK
2026-05-29 11:53:58,102.4,0.049,0.0,0,OK
2026-05-29 12:06:36,0.8,6.25,0,0,OK
2026-05-29 12:06:37,0.9,5.556,0.694,0,OK
2026-05-29 12:06:38,1.2,4.167,1.389,0,OK
2026-05-29 12:06:39,1.2,4.167,0.0,0,OK
2026-05-29 12:06:40,1.1,4.545,0.379,0,OK
2026-05-29 12:06:41,0.8,6.25,1.705,1,OK
2026-05-29 12:06:42,0.5,10.0,3.75,1,OK
2026-05-29 12:06:43,0.5,10.0,0.0,1,OK
2026-05-29 12:06:44,0.6,8.333,1.667,1,OK
2026-05-29 12:06:45,0.6,8.333,0.0,1,OK
2026-05-29 12:06:46,0.6,8.333,0.0,1,OK
2026-05-29 12:06:47,0.5,10.0,1.667,1,OK
2026-05-29 12:06:48,0.8,6.25,3.75,1,OK
2026-05-29 12:06:49,0.5,10.0,3.75,1,OK
2026-05-29 12:06:50,0.6,8.333,1.667,1,OK
2026-05-29 12:06:51,0.5,10.0,1.667,1,OK
2026-05-29 12:06:52,0.5,10.0,0.0,1,OK
2026-05-29 12:06:53,0.6,8.333,1.667,1,OK
2026-05-29 12:06:54,0.7,7.143,1.19,1,OK
2026-05-29 12:06:55,0.5,10.0,2.857,1,OK
2026-05-29 12:06:56,0.5,10.0,0.0,1,OK
2026-05-29 12:06:57,0.3,16.667,6.667,1,OK
2026-05-29 12:06:58,0.3,16.667,0.0,1,OK
2026-05-29 12:06:59,0.6,8.333,8.333,1,OK
2026-05-29 12:07:00,0.9,5.556,2.778,1,OK
2026-05-29 12:07:01,0.6,8.333,2.778,1,OK
2026-05-29 12:07:02,0.4,12.5,4.167,1,OK
2026-05-29 12:07:03,0.9,5.556,6.944,1,OK
2026-05-29 12:07:04,0.7,7.143,1.587,1,OK
2026-05-29 12:07:05,0.5,10.0,2.857,1,OK
2026-05-29 12:07:06,0.6,8.333,1.667,1,OK
2026-05-29 12:07:07,0.7,7.143,1.19,1,OK
2026-05-29 12:07:08,0.6,8.333,1.19,1,OK
2026-05-29 12:07:09,0.5,10.0,1.667,1,OK
2026-05-29 12:07:10,0.6,8.333,1.667,1,OK
2026-05-29 12:07:11,0.5,10.0,1.667,1,OK
2026-05-29 12:07:12,0.7,7.143,2.857,1,OK
2026-05-29 12:07:13,0.4,12.5,5.357,1,OK
2026-05-29 12:07:14,0.4,12.5,0.0,1,OK
2026-05-29 12:07:15,0.6,8.333,4.167,1,OK
2026-05-29 12:07:16,0.4,12.5,4.167,1,OK
2026-05-29 12:07:17,0.7,7.143,5.357,1,OK
2026-05-29 12:07:18,0.6,8.333,1.19,1,OK
2026-05-29 12:07:19,0.7,7.143,1.19,1,OK
2026-05-29 12:07:20,0.6,8.333,1.19,1,OK
2026-05-29 12:07:21,0.5,10.0,1.667,1,OK
2026-05-29 12:07:22,0.7,7.143,2.857,1,OK
2026-05-29 12:07:23,0.7,7.143,0.0,1,OK
2026-05-29 12:07:24,0.5,10.0,2.857,1,OK
2026-05-29 12:07:25,0.3,16.667,6.667,1,OK
2026-05-29 12:07:26,0.8,6.25,10.417,1,OK
2026-05-29 12:07:27,0.8,6.25,0.0,1,OK
2026-05-29 12:07:28,0.7,7.143,0.893,1,OK
2026-05-29 12:07:29,0.8,6.25,0.893,1,OK
2026-05-29 12:07:30,0.6,8.333,2.083,1,OK
2026-05-29 12:07:31,0.9,5.556,2.778,1,OK
2026-05-29 12:07:32,1.3,3.846,1.709,1,OK
2026-05-29 12:07:33,0.9,5.556,1.709,1,OK
2026-05-29 12:07:34,0.9,5.556,0.0,1,OK
2026-05-29 12:07:35,0.8,6.25,0.694,1,OK
2026-05-29 12:07:36,0.2,25.0,18.75,1,NO_CURRENT
2026-05-29 12:07:37,0.6,8.333,16.667,1,OK
2026-05-29 12:07:38,0.7,7.143,1.19,1,OK
2026-05-29 12:07:39,0.5,10.0,2.857,1,OK
2026-05-29 12:07:40,0.7,7.143,2.857,1,OK
2026-05-29 12:07:41,0.4,12.5,5.357,1,OK
2026-05-29 12:07:42,0.6,8.333,4.167,1,OK
2026-05-29 12:07:43,0.4,12.5,4.167,1,OK
2026-05-29 12:07:44,0.5,10.0,2.5,1,OK
2026-05-29 12:07:45,0.7,7.143,2.857,1,OK
2026-05-29 12:07:46,0.6,8.333,1.19,1,OK
2026-05-29 12:07:47,0.5,10.0,1.667,1,OK
2026-05-29 12:07:48,0.7,7.143,2.857,1,OK
2026-05-29 12:07:49,0.6,8.333,1.19,1,OK
2026-05-29 12:07:50,0.4,12.5,4.167,1,OK
2026-05-29 12:07:51,0.6,8.333,4.167,1,OK
2026-05-29 12:07:52,0.9,5.556,2.778,1,OK
2026-05-29 12:07:53,0.7,7.143,1.587,1,OK
2026-05-29 12:07:54,0.7,7.143,0.0,1,OK
2026-05-29 12:07:58,1.3,3.846,0,0,OK
2026-05-29 12:07:59,0.9,5.556,1.709,1,OK
2026-05-29 12:08:00,1.3,3.846,1.709,1,OK
2026-05-29 12:08:01,1.0,5.0,1.154,1,OK
2026-05-29 12:08:02,1.3,3.846,1.154,1,OK
2026-05-29 12:08:03,0.8,6.25,2.404,1,OK
2026-05-29 12:08:04,0.8,6.25,0.0,1,OK
2026-05-29 12:08:05,1.1,4.545,1.705,1,OK
2026-05-29 12:08:06,0.5,10.0,5.455,1,OK
2026-05-29 12:08:07,1.0,5.0,5.0,1,OK
2026-05-29 12:08:08,0.4,12.5,7.5,1,OK
2026-05-29 12:08:09,0.4,12.5,0.0,1,OK
2026-05-29 12:08:10,0.9,5.556,6.944,1,OK
2026-05-29 12:08:11,0.4,12.5,6.944,1,OK
2026-05-29 12:08:12,0.6,8.333,4.167,1,OK
2026-05-29 12:08:13,0.6,8.333,0.0,1,OK
2026-05-29 12:08:16,0.4,12.5,0,0,OK
2026-05-29 12:08:17,0.4,12.5,0.0,0,OK
2026-05-29 12:08:18,0.5,10.0,2.5,1,OK
2026-05-29 12:08:19,0.6,8.333,1.667,1,OK
2026-05-29 12:08:20,0.6,8.333,0.0,1,OK
2026-05-29 12:08:21,0.5,10.0,1.667,1,OK
2026-05-29 12:08:22,0.6,8.333,1.667,1,OK
2026-05-29 12:08:23,0.4,12.5,4.167,1,OK
2026-05-29 12:08:24,0.8,6.25,6.25,1,OK
2026-05-29 12:08:25,0.6,8.333,2.083,1,OK
2026-05-29 12:08:26,0.5,10.0,1.667,1,OK
2026-05-29 12:08:27,0.3,16.667,6.667,1,OK
2026-05-29 12:08:28,0.4,12.5,4.167,1,OK
2026-05-29 12:08:29,0.5,10.0,2.5,1,OK
2026-05-29 12:08:30,0.5,10.0,0.0,1,OK
2026-05-29 12:08:31,0.6,8.333,1.667,1,OK
2026-05-29 12:08:32,0.4,12.5,4.167,1,OK
2026-05-29 12:08:33,0.5,10.0,2.5,1,OK
2026-05-29 12:08:34,0.9,5.556,4.444,1,OK
2026-05-29 12:08:35,0.5,10.0,4.444,1,OK
2026-05-29 12:08:36,0.5,10.0,0.0,1,OK
2026-05-29 12:08:37,0.5,10.0,0.0,1,OK
2026-05-29 12:08:38,0.8,6.25,3.75,1,OK
2026-05-29 12:08:39,0.9,5.556,0.694,1,OK
2026-05-29 12:08:40,0.6,8.333,2.778,1,OK
2026-05-29 12:08:41,0.3,16.667,8.333,1,OK
2026-05-29 12:08:42,0.6,8.333,8.333,1,OK
2026-05-29 12:08:43,0.7,7.143,1.19,1,OK
2026-05-29 12:08:44,0.6,8.333,1.19,1,OK
2026-05-29 12:08:45,0.7,7.143,1.19,1,OK
2026-05-29 12:08:46,0.7,7.143,0.0,1,OK
2026-05-29 12:08:47,0.7,7.143,0.0,1,OK
2026-05-29 12:08:48,1.1,4.545,2.597,1,OK
2026-05-29 12:08:49,1.2,4.167,0.379,1,OK
2026-05-29 12:08:50,1.3,3.846,0.321,1,OK
2026-05-29 12:08:51,0.8,6.25,2.404,1,OK
2026-05-29 12:08:52,0.8,6.25,0.0,1,OK
2026-05-29 12:08:53,0.3,16.667,10.417,1,OK
2026-05-29 12:08:54,0.6,8.333,8.333,1,OK
2026-05-29 12:08:55,0.5,10.0,1.667,1,OK
2026-05-29 12:08:56,0.6,8.333,1.667,1,OK
2026-05-29 12:08:57,0.7,7.143,1.19,1,OK
2026-05-29 12:08:58,0.5,10.0,2.857,1,OK
2026-05-29 12:08:59,0.4,12.5,2.5,1,OK
2026-05-29 12:09:00,0.7,7.143,5.357,1,OK
2026-05-29 12:09:01,0.5,10.0,2.857,1,OK
2026-05-29 12:09:02,0.6,8.333,1.667,1,OK
2026-05-29 12:09:03,0.6,8.333,0.0,1,OK
2026-05-29 12:09:04,0.4,12.5,4.167,1,OK
2026-05-29 12:09:05,0.4,12.5,0.0,1,OK
2026-05-29 12:09:06,0.6,8.333,4.167,1,OK
2026-05-29 12:09:07,0.4,12.5,4.167,1,OK
2026-05-29 12:09:08,0.7,7.143,5.357,1,OK
2026-05-29 12:09:09,0.5,10.0,2.857,1,OK
2026-05-29 12:09:10,0.5,10.0,0.0,1,OK
2026-05-29 12:09:11,0.7,7.143,2.857,1,OK
2026-05-29 12:09:12,0.7,7.143,0.0,1,OK
2026-05-29 12:09:13,0.5,10.0,2.857,1,OK
2026-05-29 12:09:14,0.5,10.0,0.0,1,OK
2026-05-29 12:09:15,0.6,8.333,1.667,1,OK
2026-05-29 12:09:16,0.6,8.333,0.0,1,OK
2026-05-29 12:09:17,0.4,12.5,4.167,1,OK
2026-05-29 12:09:18,0.5,10.0,2.5,1,OK
2026-05-29 12:09:19,0.6,8.333,1.667,1,OK
2026-05-29 12:09:20,0.7,7.143,1.19,1,OK
2026-05-29 12:09:21,0.5,10.0,2.857,1,OK
2026-05-29 12:09:22,0.5,10.0,0.0,1,OK
2026-05-29 12:09:23,0.5,10.0,0.0,1,OK
2026-05-29 12:09:24,0.4,12.5,2.5,1,OK
2026-05-29 12:09:25,0.6,8.333,4.167,1,OK
2026-05-29 12:09:26,0.6,8.333,0.0,1,OK
2026-05-29 12:09:27,0.8,6.25,2.083,1,OK
2026-05-29 12:09:28,0.6,8.333,2.083,1,OK
2026-05-29 12:09:29,0.9,5.556,2.778,1,OK
2026-05-29 12:09:30,0.6,8.333,2.778,1,OK
2026-05-29 12:09:31,0.5,10.0,1.667,1,OK
2026-05-29 12:09:32,0.4,12.5,2.5,1,OK
2026-05-29 12:09:33,0.5,10.0,2.5,1,OK
2026-05-29 12:09:34,0.5,10.0,0.0,1,OK
2026-05-29 12:09:35,0.7,7.143,2.857,1,OK
2026-05-29 12:09:36,0.7,7.143,0.0,1,OK
2026-05-29 12:09:37,0.5,10.0,2.857,1,OK
2026-05-29 12:09:38,0.8,6.25,3.75,1,OK
2026-05-29 12:09:39,0.6,8.333,2.083,1,OK
2026-05-29 12:09:40,0.5,10.0,1.667,1,OK
2026-05-29 12:09:41,0.6,8.333,1.667,1,OK
2026-05-29 12:09:42,0.7,7.143,1.19,1,OK
2026-05-29 12:09:43,1.1,4.545,2.597,1,OK
2026-05-29 12:09:44,1.2,4.167,0.379,1,OK
2026-05-29 12:09:45,0.9,5.556,1.389,1,OK
2026-05-29 12:09:46,1.1,4.545,1.01,1,OK
2026-05-29 12:09:47,0.9,5.556,1.01,1,OK
2026-05-29 12:09:48,0.8,6.25,0.694,1,OK
2026-05-29 12:09:49,0.8,6.25,0.0,1,OK
2026-05-29 12:09:50,0.7,7.143,0.893,1,OK
2026-05-29 12:09:51,0.9,5.556,1.587,1,OK
2026-05-29 12:09:52,0.5,10.0,4.444,1,OK
2026-05-29 12:09:53,0.5,10.0,0.0,1,OK
2026-05-29 12:09:54,0.5,10.0,0.0,1,OK
2026-05-29 12:09:55,0.8,6.25,3.75,1,OK
2026-05-29 12:09:56,0.5,10.0,3.75,1,OK
2026-05-29 12:09:57,0.4,12.5,2.5,1,OK
2026-05-29 12:09:58,0.5,10.0,2.5,1,OK
2026-05-29 12:09:59,0.6,8.333,1.667,1,OK
2026-05-29 12:10:00,0.6,8.333,0.0,1,OK
2026-05-29 12:10:01,0.5,10.0,1.667,1,OK
2026-05-29 12:10:02,0.5,10.0,0.0,1,OK
2026-05-29 12:10:03,0.7,7.143,2.857,1,OK
2026-05-29 12:10:04,0.6,8.333,1.19,1,OK
2026-05-29 12:10:05,0.5,10.0,1.667,1,OK
2026-05-29 12:10:06,0.6,8.333,1.667,1,OK
2026-05-29 12:10:07,0.8,6.25,2.083,1,OK
2026-05-29 12:10:08,0.5,10.0,3.75,1,OK
2026-05-29 12:10:09,0.6,8.333,1.667,1,OK
2026-05-29 12:10:10,0.4,12.5,4.167,1,OK
2026-05-29 12:10:11,0.3,16.667,4.167,1,OK
2026-05-29 12:10:12,0.7,7.143,9.524,1,OK
2026-05-29 12:10:13,0.5,10.0,2.857,1,OK
2026-05-29 12:10:14,0.4,12.5,2.5,1,OK
2026-05-29 12:10:15,0.5,10.0,2.5,1,OK
2026-05-29 12:10:16,0.9,5.556,4.444,1,OK
2026-05-29 12:10:17,0.6,8.333,2.778,1,OK
2026-05-29 12:10:18,0.7,7.143,1.19,1,OK
2026-05-29 12:10:19,0.4,12.5,5.357,1,OK
2026-05-29 12:10:20,0.7,7.143,5.357,1,OK
2026-05-29 12:10:21,0.6,8.333,1.19,1,OK
2026-05-29 12:10:22,0.5,10.0,1.667,1,OK
2026-05-29 12:10:23,0.8,6.25,3.75,1,OK
2026-05-29 12:10:24,0.8,6.25,0.0,1,OK
2026-05-29 12:10:25,0.8,6.25,0.0,1,OK
2026-05-29 12:10:26,0.6,8.333,2.083,1,OK
2026-05-29 12:10:27,0.5,10.0,1.667,1,OK
2026-05-29 12:10:28,0.6,8.333,1.667,1,OK
2026-05-29 12:10:29,0.7,7.143,1.19,1,OK
2026-05-29 12:10:30,0.7,7.143,0.0,1,OK
2026-05-29 12:10:31,1.1,4.545,2.597,1,OK
2026-05-29 12:10:32,0.8,6.25,1.705,1,OK
2026-05-29 12:10:33,1.0,5.0,1.25,1,OK
2026-05-29 12:10:34,0.8,6.25,1.25,1,OK
2026-05-29 12:10:35,0.9,5.556,0.694,1,OK
2026-05-29 12:10:36,0.8,6.25,0.694,1,OK
2026-05-29 12:10:37,0.9,5.556,0.694,1,OK
2026-05-29 12:10:38,0.7,7.143,1.587,1,OK
2026-05-29 12:10:39,0.7,7.143,0.0,1,OK
2026-05-29 12:10:40,0.8,6.25,0.893,1,OK
2026-05-29 12:10:41,0.5,10.0,3.75,1,OK
2026-05-29 12:10:42,0.4,12.5,2.5,1,OK
2026-05-29 12:10:43,0.5,10.0,2.5,1,OK
2026-05-29 12:10:44,0.3,16.667,6.667,1,OK
2026-05-29 12:10:45,0.4,12.5,4.167,1,OK
2026-05-29 12:10:46,0.4,12.5,0.0,1,OK
2026-05-29 12:10:47,0.5,10.0,2.5,1,OK
2026-05-29 12:10:48,0.2,25.0,15.0,1,NO_CURRENT
2026-05-29 12:10:49,0.4,12.5,12.5,1,OK
2026-05-29 12:10:50,0.6,8.333,4.167,1,OK
2026-05-29 12:10:51,0.5,10.0,1.667,1,OK
2026-05-29 12:10:52,0.3,16.667,6.667,1,OK
2026-05-29 12:10:53,0.1,50.0,33.333,1,NO_CURRENT
2026-05-29 12:10:54,0.7,7.143,42.857,1,OK
2026-05-29 12:10:55,0.7,7.143,0.0,1,OK
2026-05-29 12:10:56,0.4,12.5,5.357,1,OK
2026-05-29 12:10:57,0.7,7.143,5.357,1,OK
2026-05-29 12:10:58,0.9,5.556,1.587,1,OK
2026-05-29 12:10:59,0.7,7.143,1.587,1,OK
2026-05-29 12:11:00,0.7,7.143,0.0,1,OK
2026-05-29 12:11:01,0.7,7.143,0.0,1,OK
2026-05-29 12:11:02,0.4,12.5,5.357,1,OK
2026-05-29 12:11:03,0.6,8.333,4.167,1,OK
2026-05-29 12:11:04,0.5,10.0,1.667,1,OK
2026-05-29 12:11:38,0.2,25.0,0,0,NO_CURRENT
2026-05-29 12:11:39,0.5,10.0,15.0,1,OK
2026-05-29 12:11:40,0.5,10.0,0.0,1,OK
2026-05-29 12:11:41,0.6,8.333,1.667,1,OK
2026-05-29 12:11:42,0.7,7.143,1.19,1,OK
2026-05-29 12:11:43,0.6,8.333,1.19,1,OK
2026-05-29 12:11:44,0.7,7.143,1.19,1,OK
2026-05-29 12:11:45,0.9,5.556,1.587,1,OK
2026-05-29 12:11:46,0.4,12.5,6.944,1,OK
2026-05-29 12:47:07,0.9,5.556,0,0,OK
2026-05-29 12:47:08,1.1,4.545,1.01,0,OK
2026-05-29 12:47:09,0.7,7.143,2.597,1,OK
2026-05-29 12:47:10,0.8,6.25,0.893,1,OK
2026-05-29 12:47:11,0.6,8.333,2.083,1,OK
2026-05-29 12:47:12,0.5,10.0,1.667,1,OK
2026-05-29 12:47:13,0.8,6.25,3.75,1,OK
2026-05-29 12:47:22,5.4,0.926,0,0,OK
2026-05-29 12:47:23,7.8,0.641,0.285,0,OK
2026-05-29 12:47:24,8.1,0.617,0.024,0,OK
2026-05-29 12:47:25,8.3,0.602,0.015,0,OK
2026-05-29 12:47:26,8.3,0.602,0.0,0,OK
2026-05-29 12:47:27,7.8,0.641,0.039,0,OK
2026-05-29 12:47:28,8.0,0.625,0.016,0,OK
2026-05-29 12:47:29,8.1,0.617,0.008,0,OK
2026-05-29 12:47:30,8.1,0.617,0.0,0,OK
2026-05-29 12:47:31,8.0,0.625,0.008,0,OK
2026-05-29 12:47:32,8.2,0.61,0.015,0,OK
2026-05-29 12:47:33,4.8,1.042,0.432,0,OK
2026-05-29 12:47:34,4.9,1.02,0.021,0,OK
2026-05-29 12:47:35,6.6,0.758,0.263,0,OK
2026-05-29 12:47:36,7.2,0.694,0.063,0,OK
2026-05-29 12:47:37,8.4,0.595,0.099,0,OK
2026-05-29 12:47:38,8.7,0.575,0.021,0,OK
2026-05-29 12:47:39,8.2,0.61,0.035,0,OK
2026-05-29 12:47:40,7.8,0.641,0.031,0,OK
2026-05-29 12:47:41,8.1,0.617,0.024,0,OK
2026-05-29 12:47:42,7.8,0.641,0.024,0,OK
2026-05-29 12:47:43,7.8,0.641,0.0,0,OK
2026-05-29 12:47:44,4.8,1.042,0.401,0,OK
2026-05-29 12:47:45,4.8,1.042,0.0,0,OK
2026-05-29 12:47:46,6.6,0.758,0.284,0,OK
2026-05-29 12:47:47,8.2,0.61,0.148,0,OK
2026-05-29 12:47:48,8.2,0.61,0.0,0,OK
2026-05-29 12:47:49,8.7,0.575,0.035,0,OK
2026-05-29 12:47:50,8.2,0.61,0.035,0,OK
2026-05-29 12:47:51,7.7,0.649,0.04,0,OK
2026-05-29 12:47:52,7.7,0.649,0.0,0,OK
2026-05-29 12:47:53,7.7,0.649,0.0,0,OK
2026-05-29 12:47:54,8.2,0.61,0.04,0,OK
2026-05-29 12:47:55,7.7,0.649,0.04,0,OK
2026-05-29 12:47:56,8.4,0.595,0.054,0,OK
2026-05-29 12:47:57,4.8,1.042,0.446,0,OK
2026-05-29 12:47:58,4.7,1.064,0.022,0,OK
2026-05-29 12:47:59,5.2,0.962,0.102,0,OK
2026-05-29 12:48:00,6.1,0.82,0.142,0,OK
2026-05-29 12:48:01,6.4,0.781,0.038,0,OK
2026-05-29 12:48:02,6.6,0.758,0.024,0,OK
2026-05-29 12:48:03,6.6,0.758,0.0,0,OK
2026-05-29 12:48:04,6.1,0.82,0.062,0,OK
2026-05-29 12:48:05,5.8,0.862,0.042,0,OK
2026-05-29 12:48:06,6.1,0.82,0.042,0,OK
2026-05-29 12:48:07,6.0,0.833,0.014,0,OK
2026-05-29 12:48:08,6.7,0.746,0.087,0,OK
2026-05-29 12:48:09,6.3,0.794,0.047,0,OK
2026-05-29 12:48:10,5.9,0.847,0.054,0,OK
2026-05-29 12:48:11,6.1,0.82,0.028,0,OK
2026-05-29 12:48:12,6.3,0.794,0.026,0,OK
2026-05-29 12:48:13,6.0,0.833,0.04,0,OK
2026-05-29 12:48:14,4.1,1.22,0.386,0,OK
2026-05-29 12:48:15,3.6,1.389,0.169,0,OK
2026-05-29 12:48:16,5.2,0.962,0.427,0,OK
2026-05-29 12:48:17,5.5,0.909,0.052,0,OK
2026-05-29 12:48:18,6.5,0.769,0.14,0,OK
2026-05-29 12:48:19,6.4,0.781,0.012,0,OK
2026-05-29 12:48:20,6.4,0.781,0.0,0,OK
2026-05-29 12:48:21,5.9,0.847,0.066,0,OK
2026-05-29 12:48:22,6.3,0.794,0.054,0,OK
2026-05-29 12:48:23,5.9,0.847,0.054,0,OK
2026-05-29 12:48:24,5.6,0.893,0.045,0,OK
2026-05-29 12:48:25,5.3,0.943,0.051,0,OK
2026-05-29 12:48:26,3.4,1.471,0.527,0,OK
2026-05-29 12:48:27,3.2,1.562,0.092,0,OK
2026-05-29 12:48:28,2.9,1.724,0.162,0,OK
2026-05-29 12:48:29,3.6,1.389,0.335,0,OK
2026-05-29 12:48:30,3.6,1.389,0.0,0,OK
2026-05-29 12:48:31,4.2,1.19,0.198,0,OK
2026-05-29 12:48:32,4.5,1.111,0.079,0,OK
2026-05-29 12:48:33,4.3,1.163,0.052,0,OK
2026-05-29 12:48:34,4.0,1.25,0.087,0,OK
2026-05-29 12:48:35,3.5,1.429,0.179,0,OK
2026-05-29 12:48:36,3.5,1.429,0.0,0,OK
2026-05-29 12:48:37,3.4,1.471,0.042,0,OK
2026-05-29 12:48:38,3.5,1.429,0.042,0,OK
2026-05-29 12:48:39,2.0,2.5,1.071,0,OK
2026-05-29 12:48:40,1.9,2.632,0.132,0,OK
2026-05-29 12:48:41,2.0,2.5,0.132,0,OK
2026-05-29 12:48:42,3.1,1.613,0.887,0,OK
2026-05-29 12:48:43,3.5,1.429,0.184,0,OK
2026-05-29 12:48:44,3.7,1.351,0.077,0,OK
2026-05-29 12:48:45,3.7,1.351,0.0,0,OK
2026-05-29 12:48:46,3.4,1.471,0.119,0,OK
2026-05-29 12:48:47,3.3,1.515,0.045,0,OK
2026-05-29 12:48:48,3.4,1.471,0.045,0,OK
2026-05-29 12:48:49,3.5,1.429,0.042,0,OK
2026-05-29 12:48:50,2.2,2.273,0.844,0,OK
2026-05-29 12:48:51,2.2,2.273,0.0,0,OK
2026-05-29 12:48:52,2.5,2.0,0.273,0,OK
2026-05-29 12:48:53,3.4,1.471,0.529,0,OK
2026-05-29 12:48:54,3.8,1.316,0.155,0,OK
2026-05-29 12:48:55,3.7,1.351,0.036,0,OK
2026-05-29 12:48:56,3.5,1.429,0.077,0,OK
2026-05-29 12:48:57,3.4,1.471,0.042,0,OK
2026-05-29 12:48:58,3.0,1.667,0.196,0,OK
2026-05-29 12:48:59,2.0,2.5,0.833,0,OK
2026-05-29 12:49:00,2.1,2.381,0.119,0,OK
2026-05-29 12:49:01,1.7,2.941,0.56,0,OK
2026-05-29 12:49:02,1.2,4.167,1.225,0,OK
2026-05-29 12:49:03,1.4,3.571,0.595,0,OK
2026-05-29 12:49:04,1.8,2.778,0.794,0,OK
2026-05-29 12:49:05,1.8,2.778,0.0,0,OK
2026-05-29 12:49:06,2.3,2.174,0.604,0,OK
2026-05-29 12:49:07,1.8,2.778,0.604,0,OK
2026-05-29 12:49:08,1.6,3.125,0.347,0,OK
2026-05-29 12:49:09,1.7,2.941,0.184,0,OK
2026-05-29 12:49:10,1.8,2.778,0.163,0,OK
2026-05-29 12:49:11,1.8,2.778,0.0,0,OK
2026-05-29 12:49:12,1.0,5.0,2.222,1,OK
2026-05-29 12:49:13,0.5,10.0,5.0,1,OK
2026-05-29 12:49:14,0.6,8.333,1.667,1,OK
2026-05-29 12:49:15,0.4,12.5,4.167,1,OK
2026-05-29 12:49:16,0.9,5.556,6.944,1,OK
2026-05-29 12:49:17,0.6,8.333,2.778,1,OK
2026-05-29 12:49:18,1.3,3.846,4.487,1,OK
2026-05-29 12:49:19,0.5,10.0,6.154,1,OK
2026-05-29 12:49:20,0.5,10.0,0.0,1,OK
2026-05-29 12:49:21,0.7,7.143,2.857,1,OK
2026-05-29 12:49:22,0.5,10.0,2.857,1,OK
2026-05-29 12:49:23,0.4,12.5,2.5,1,OK
2026-05-29 12:49:24,0.6,8.333,4.167,1,OK
2026-05-29 12:49:25,0.8,6.25,2.083,1,OK
2026-05-29 12:49:26,0.3,16.667,10.417,1,OK
2026-05-29 12:49:27,0.3,16.667,0.0,1,OK
2026-05-29 12:49:28,0.5,10.0,6.667,1,OK
2026-05-29 12:49:29,0.7,7.143,2.857,1,OK
2026-05-29 12:49:30,1.2,4.167,2.976,1,OK
2026-05-29 12:49:31,0.5,10.0,5.833,1,OK
2026-05-29 12:49:32,0.7,7.143,2.857,1,OK
2026-05-29 12:49:33,0.3,16.667,9.524,1,OK
2026-05-29 12:49:34,0.6,8.333,8.333,1,OK
2026-05-29 12:49:35,0.8,6.25,2.083,1,OK
2026-05-29 12:49:36,0.3,16.667,10.417,1,OK
2026-05-29 12:49:37,0.7,7.143,9.524,1,OK
2026-05-29 12:49:38,0.8,6.25,0.893,1,OK
2026-05-29 12:49:39,0.6,8.333,2.083,1,OK
2026-05-29 12:49:40,0.7,7.143,1.19,1,OK
2026-05-29 12:49:41,0.4,12.5,5.357,1,OK
2026-05-29 12:49:42,0.6,8.333,4.167,1,OK
2026-05-29 12:49:43,0.7,7.143,1.19,1,OK
2026-05-29 12:49:44,1.2,4.167,2.976,1,OK
2026-05-29 12:49:45,0.6,8.333,4.167,1,OK
2026-05-29 12:49:46,0.6,8.333,0.0,1,OK
2026-05-29 12:49:47,0.8,6.25,2.083,1,OK
2026-05-29 12:49:48,0.8,6.25,0.0,1,OK
2026-05-29 12:49:49,0.3,16.667,10.417,1,OK
2026-05-29 12:49:50,0.4,12.5,4.167,1,OK
2026-05-29 12:49:51,0.7,7.143,5.357,1,OK
2026-05-29 12:49:52,0.4,12.5,5.357,1,OK
2026-05-29 12:49:53,0.6,8.333,4.167,1,OK
2026-05-29 12:49:54,0.7,7.143,1.19,1,OK
2026-05-29 12:49:55,0.4,12.5,5.357,1,OK
2026-05-29 12:49:56,0.4,12.5,0.0,1,OK
2026-05-29 12:49:57,0.8,6.25,6.25,1,OK
2026-05-29 12:49:58,0.6,8.333,2.083,1,OK
2026-05-29 12:49:59,0.7,7.143,1.19,1,OK
2026-05-29 12:50:00,0.6,8.333,1.19,1,OK
2026-05-29 12:50:01,0.4,12.5,4.167,1,OK
2026-05-29 12:50:02,0.4,12.5,0.0,1,OK
2026-05-29 12:52:12,102.4,0.049,0,0,OK
2026-05-29 12:52:13,102.4,0.049,0.0,0,OK
2026-05-29 12:52:14,102.4,0.049,0.0,0,OK
2026-05-29 12:52:15,102.4,0.049,0.0,0,OK
2026-05-29 12:52:16,102.4,0.049,0.0,0,OK
2026-05-29 12:52:17,102.4,0.049,0.0,0,OK
2026-05-29 12:52:18,102.4,0.049,0.0,0,OK
2026-05-29 12:52:19,102.4,0.049,0.0,0,OK
2026-05-29 12:52:20,102.4,0.049,0.0,0,OK
2026-05-29 12:56:03,8.1,0.617,0,0,OK
2026-05-29 12:56:04,9.6,0.521,0.096,0,OK
2026-05-29 12:56:05,9.6,0.521,0.0,0,OK
2026-05-29 12:56:06,9.9,0.505,0.016,0,OK
2026-05-29 12:56:07,10.0,0.5,0.005,0,OK
2026-05-29 12:56:08,10.0,0.5,0.0,0,OK
2026-05-29 12:56:09,10.2,0.49,0.01,0,OK
2026-05-29 12:56:10,10.1,0.495,0.005,0,OK
2026-05-29 12:56:11,10.0,0.5,0.005,0,OK
2026-05-29 12:56:12,9.8,0.51,0.01,0,OK
2026-05-29 12:56:13,9.2,0.543,0.033,0,OK
2026-05-29 12:56:14,9.0,0.556,0.012,0,OK
2026-05-29 12:56:15,8.2,0.61,0.054,0,OK
2026-05-29 12:56:16,8.6,0.581,0.028,0,OK
2026-05-29 12:56:17,8.0,0.625,0.044,0,OK
2026-05-29 12:56:18,7.9,0.633,0.008,0,OK
2026-05-29 12:56:19,7.6,0.658,0.025,0,OK
2026-05-29 12:56:20,6.8,0.735,0.077,0,OK
2026-05-29 12:56:21,6.4,0.781,0.046,0,OK
2026-05-29 12:56:22,6.4,0.781,0.0,0,OK
2026-05-29 12:56:23,6.0,0.833,0.052,0,OK
2026-05-29 12:56:24,6.1,0.82,0.014,0,OK
2026-05-29 12:56:25,5.6,0.893,0.073,0,OK
2026-05-29 12:56:26,5.7,0.877,0.016,0,OK
2026-05-29 12:56:27,5.1,0.98,0.103,0,OK
2026-05-29 12:56:28,4.0,1.25,0.27,0,OK
2026-05-29 12:56:29,4.0,1.25,0.0,0,OK
2026-05-29 12:56:30,3.6,1.389,0.139,0,OK
2026-05-29 12:56:31,3.6,1.389,0.0,0,OK
2026-05-29 12:56:32,4.0,1.25,0.139,0,OK
2026-05-29 12:56:33,3.7,1.351,0.101,0,OK
2026-05-29 12:56:34,3.9,1.282,0.069,0,OK
2026-05-29 12:56:35,3.7,1.351,0.069,0,OK
2026-05-29 12:56:36,3.8,1.316,0.036,0,OK
2026-05-29 12:56:37,3.1,1.613,0.297,0,OK
2026-05-29 12:56:38,2.1,2.381,0.768,0,OK
2026-05-29 12:56:39,2.5,2.0,0.381,0,OK
2026-05-29 12:56:40,2.4,2.083,0.083,0,OK
2026-05-29 12:56:41,2.5,2.0,0.083,0,OK
2026-05-29 12:56:42,2.4,2.083,0.083,0,OK
2026-05-29 12:56:43,2.4,2.083,0.0,0,OK
2026-05-29 12:56:44,2.4,2.083,0.0,0,OK
2026-05-29 12:56:45,2.4,2.083,0.0,0,OK
2026-05-29 12:56:46,2.3,2.174,0.091,0,OK
2026-05-29 12:56:47,2.6,1.923,0.251,0,OK
2026-05-29 12:56:48,2.2,2.273,0.35,0,OK
2026-05-29 12:56:49,2.3,2.174,0.099,0,OK
2026-05-29 12:56:50,2.3,2.174,0.0,0,OK
2026-05-29 12:56:51,2.4,2.083,0.091,0,OK
2026-05-29 12:56:52,2.5,2.0,0.083,0,OK
2026-05-29 12:56:53,2.5,2.0,0.0,0,OK
2026-05-29 12:56:54,2.6,1.923,0.077,0,OK
2026-05-29 12:56:55,2.5,2.0,0.077,0,OK
2026-05-29 12:56:56,2.4,2.083,0.083,0,OK
2026-05-29 12:56:57,2.0,2.5,0.417,0,OK
2026-05-29 12:56:58,2.2,2.273,0.227,0,OK
2026-05-29 12:56:59,2.2,2.273,0.0,0,OK
2026-05-29 12:57:00,2.2,2.273,0.0,0,OK
2026-05-29 12:57:01,2.2,2.273,0.0,0,OK
2026-05-29 12:57:02,2.4,2.083,0.189,0,OK
2026-05-29 12:57:03,2.2,2.273,0.189,0,OK
2026-05-29 12:57:04,2.3,2.174,0.099,0,OK
2026-05-29 12:57:05,2.1,2.381,0.207,0,OK
2026-05-29 12:57:06,2.0,2.5,0.119,0,OK
2026-05-29 12:57:07,2.1,2.381,0.119,0,OK
2026-05-29 12:57:08,2.6,1.923,0.458,0,OK
2026-05-29 12:57:09,1.9,2.632,0.709,0,OK
2026-05-29 12:57:10,2.4,2.083,0.548,0,OK
2026-05-29 12:57:11,2.0,2.5,0.417,0,OK
2026-05-29 12:57:12,2.4,2.083,0.417,0,OK
2026-05-29 12:57:13,2.1,2.381,0.298,0,OK
2026-05-29 12:57:14,2.0,2.5,0.119,0,OK
2026-05-29 12:57:15,2.1,2.381,0.119,0,OK
2026-05-29 12:57:16,2.2,2.273,0.108,0,OK
2026-05-29 12:57:17,2.3,2.174,0.099,0,OK
2026-05-29 12:57:18,2.2,2.273,0.099,0,OK
2026-05-29 12:57:19,2.3,2.174,0.099,0,OK
2026-05-29 12:57:20,2.2,2.273,0.099,0,OK
2026-05-29 12:57:21,2.2,2.273,0.0,0,OK
2026-05-29 12:57:22,1.9,2.632,0.359,0,OK
2026-05-29 12:57:23,1.8,2.778,0.146,0,OK
2026-05-29 12:57:24,2.4,2.083,0.694,0,OK
2026-05-29 12:57:25,2.2,2.273,0.189,0,OK
2026-05-29 12:58:32,-0.4,,0,0,NO_CURRENT
2026-05-29 12:58:33,-0.5,,0,0,NO_CURRENT
2026-05-29 12:58:34,-0.5,,0,0,NO_CURRENT
2026-05-29 12:58:35,-0.6,,0,0,NO_CURRENT
2026-05-29 12:58:36,-0.5,,0,0,NO_CURRENT
2026-05-29 12:58:37,-0.5,,0,0,NO_CURRENT
2026-05-29 12:58:38,-0.3,,0,0,NO_CURRENT
2026-05-29 12:58:39,-0.6,,0,0,NO_CURRENT
2026-05-29 12:58:40,-0.5,,0,0,NO_CURRENT
2026-05-29 12:58:41,-0.5,,0,0,NO_CURRENT
2026-05-29 12:58:42,-0.2,,0,0,NO_CURRENT
2026-05-29 12:58:43,-0.4,,0,0,NO_CURRENT
2026-05-29 12:58:44,-0.4,,0,0,NO_CURRENT
2026-05-29 12:58:45,-0.5,,0,0,NO_CURRENT
2026-05-29 12:58:46,-0.3,,0,0,NO_CURRENT
2026-05-29 12:58:47,-0.5,,0,0,NO_CURRENT
2026-05-29 12:58:48,-0.4,,0,0,NO_CURRENT
2026-05-29 12:58:49,-0.3,,0,0,NO_CURRENT
2026-05-29 12:58:50,-0.2,,0,0,NO_CURRENT
2026-05-29 12:58:51,0.0,,0,0,NO_CURRENT
2026-05-29 12:58:52,0.2,25.0,0,0,NO_CURRENT
2026-05-29 12:58:53,0.9,5.556,19.444,1,OK
2026-05-29 12:58:54,-0.6,,0,1,NO_CURRENT
2026-05-29 12:58:55,-0.3,,0,1,NO_CURRENT
2026-05-29 12:58:56,-0.6,,0,1,NO_CURRENT
2026-05-29 12:58:57,0.0,,0,1,NO_CURRENT
2026-05-29 12:58:58,-0.3,,0,1,NO_CURRENT
2026-05-29 12:58:59,-0.4,,0,1,NO_CURRENT
2026-05-29 12:59:00,-0.1,,0,1,NO_CURRENT
2026-05-29 12:59:01,-0.1,,0,1,NO_CURRENT
2026-05-29 12:59:02,-0.1,,0,1,NO_CURRENT
2026-05-29 12:59:03,-0.2,,0,1,NO_CURRENT
2026-05-29 12:59:04,0.2,25.0,0,1,NO_CURRENT
2026-05-29 12:59:05,0.0,,0,1,NO_CURRENT
2026-05-29 12:59:06,-0.3,,0,1,NO_CURRENT
2026-05-29 12:59:07,-0.1,,0,1,NO_CURRENT
2026-05-29 12:59:08,-0.3,,0,1,NO_CURRENT
2026-05-29 12:59:09,-0.3,,0,1,NO_CURRENT
2026-05-29 12:59:10,-0.2,,0,1,NO_CURRENT
2026-05-29 12:59:11,-0.5,,0,1,NO_CURRENT
2026-05-29 12:59:12,-0.4,,0,1,NO_CURRENT
2026-05-29 12:59:13,-0.7,,0,1,NO_CURRENT
2026-05-29 12:59:14,-0.4,,0,1,NO_CURRENT
2026-05-29 12:59:15,-0.5,,0,1,NO_CURRENT
2026-05-29 12:59:16,-0.2,,0,1,NO_CURRENT
2026-05-29 12:59:17,-0.3,,0,1,NO_CURRENT
2026-05-29 12:59:18,-0.2,,0,1,NO_CURRENT
2026-05-29 12:59:19,-0.3,,0,1,NO_CURRENT
2026-05-29 12:59:20,-0.2,,0,1,NO_CURRENT
2026-05-29 12:59:21,-0.6,,0,1,NO_CURRENT
2026-05-29 12:59:22,-0.3,,0,1,NO_CURRENT
2026-05-29 12:59:23,-0.3,,0,1,NO_CURRENT
2026-05-29 12:59:24,-0.1,,0,1,NO_CURRENT
2026-05-29 12:59:25,-0.1,,0,1,NO_CURRENT
2026-05-29 12:59:26,-0.1,,0,1,NO_CURRENT
2026-05-29 12:59:27,-0.4,,0,1,NO_CURRENT
2026-05-29 12:59:28,-0.4,,0,1,NO_CURRENT
2026-05-29 12:59:29,-0.2,,0,1,NO_CURRENT
2026-05-29 12:59:30,-0.2,,0,1,NO_CURRENT
2026-05-29 12:59:31,-0.3,,0,1,NO_CURRENT
2026-05-29 12:59:32,-0.4,,0,1,NO_CURRENT
2026-05-29 12:59:33,-0.3,,0,1,NO_CURRENT
2026-05-29 12:59:38,6.4,0.781,0,0,OK
2026-05-29 12:59:39,6.5,0.769,0.012,0,OK
2026-05-29 12:59:40,5.1,0.98,0.211,0,OK
2026-05-29 12:59:41,4.9,1.02,0.04,0,OK
2026-05-29 12:59:42,5.7,0.877,0.143,0,OK
2026-05-29 12:59:43,4.2,1.19,0.313,0,OK
2026-05-29 12:59:44,4.1,1.22,0.029,0,OK
2026-05-29 12:59:45,4.0,1.25,0.03,0,OK
2026-05-29 12:59:46,6.7,0.746,0.504,0,OK
2026-05-29 12:59:47,7.2,0.694,0.052,0,OK
2026-05-29 12:59:48,7.5,0.667,0.028,0,OK
2026-05-29 12:59:49,7.1,0.704,0.038,0,OK
2026-05-29 12:59:50,4.9,1.02,0.316,0,OK
2026-05-29 12:59:51,5.3,0.943,0.077,0,OK
2026-05-29 12:59:52,3.8,1.316,0.372,0,OK
2026-05-29 12:59:53,3.8,1.316,0.0,0,OK
2026-05-29 12:59:54,6.6,0.758,0.558,0,OK
2026-05-29 12:59:55,6.7,0.746,0.011,0,OK
2026-05-29 12:59:56,5.9,0.847,0.101,0,OK
2026-05-29 12:59:57,6.1,0.82,0.028,0,OK
2026-05-29 12:59:58,5.2,0.962,0.142,0,OK
2026-05-29 12:59:59,5.6,0.893,0.069,0,OK
2026-05-29 13:00:00,5.7,0.877,0.016,0,OK
2026-05-29 13:00:01,5.9,0.847,0.03,0,OK
2026-05-29 13:00:02,5.8,0.862,0.015,0,OK
2026-05-29 13:00:03,5.2,0.962,0.099,0,OK
2026-05-29 13:00:04,3.3,1.515,0.554,0,OK
2026-05-29 13:00:05,2.9,1.724,0.209,0,OK
2026-05-29 13:00:06,2.8,1.786,0.062,0,OK
2026-05-29 13:00:07,2.6,1.923,0.137,0,OK
2026-05-29 13:00:08,4.6,1.087,0.836,0,OK
2026-05-29 13:00:09,4.4,1.136,0.049,0,OK
2026-05-29 13:00:10,4.1,1.22,0.083,0,OK
2026-05-29 13:00:11,4.0,1.25,0.03,0,OK
2026-05-29 13:00:12,3.9,1.282,0.032,0,OK
2026-05-29 13:00:13,4.0,1.25,0.032,0,OK
2026-05-29 13:00:14,3.7,1.351,0.101,0,OK
2026-05-29 13:00:15,3.7,1.351,0.0,0,OK
2026-05-29 13:00:16,3.4,1.471,0.119,0,OK
2026-05-29 13:00:17,3.0,1.667,0.196,0,OK
2026-05-29 13:00:18,2.5,2.0,0.333,0,OK
2026-05-29 13:00:19,1.8,2.778,0.778,0,OK
2026-05-29 13:00:20,1.1,4.545,1.768,1,OK
2026-05-29 13:00:21,-0.5,,0,1,NO_CURRENT
2026-05-29 13:00:22,-0.3,,0,1,NO_CURRENT
2026-05-29 13:00:23,-0.4,,0,1,NO_CURRENT
2026-05-29 13:00:24,-0.2,,0,1,NO_CURRENT
2026-05-29 13:04:12,8.6,0.581,0,0,OK
2026-05-29 13:04:13,8.7,0.575,0.007,0,OK
2026-05-29 13:04:14,8.3,0.602,0.028,0,OK
2026-05-29 13:04:15,7.9,0.633,0.031,0,OK
2026-05-29 13:04:16,8.5,0.588,0.045,0,OK
2026-05-29 13:04:17,8.1,0.617,0.029,0,OK
2026-05-29 13:04:18,7.8,0.641,0.024,0,OK
2026-05-29 13:04:19,7.5,0.667,0.026,0,OK
2026-05-29 13:04:20,6.4,0.781,0.115,0,OK
2026-05-29 13:04:21,5.8,0.862,0.081,0,OK
2026-05-29 13:04:22,5.5,0.909,0.047,0,OK
2026-05-29 13:04:23,4.9,1.02,0.111,0,OK
2026-05-29 13:04:24,4.0,1.25,0.23,0,OK
2026-05-29 13:04:25,3.0,1.667,0.417,0,OK
2026-05-29 13:04:26,2.8,1.786,0.119,0,OK
2026-05-29 13:04:27,2.6,1.923,0.137,0,OK
2026-05-29 13:04:28,3.0,1.667,0.256,0,OK
2026-05-29 13:04:29,3.9,1.282,0.385,0,OK
2026-05-29 13:04:30,3.9,1.282,0.0,0,OK
2026-05-29 13:04:31,3.7,1.351,0.069,0,OK
2026-05-29 13:04:32,3.4,1.471,0.119,0,OK
2026-05-29 13:04:33,2.6,1.923,0.452,0,OK
2026-05-29 13:04:34,3.2,1.562,0.361,0,OK
2026-05-29 13:04:35,2.7,1.852,0.289,0,OK
2026-05-29 13:04:36,2.9,1.724,0.128,0,OK
2026-05-29 13:04:37,2.5,2.0,0.276,0,OK
2026-05-29 13:04:38,2.4,2.083,0.083,0,OK
2026-05-29 13:04:39,2.3,2.174,0.091,0,OK
2026-05-29 13:04:40,2.4,2.083,0.091,0,OK
2026-05-29 13:04:41,2.6,1.923,0.16,0,OK
2026-05-29 13:04:42,1.8,2.778,0.855,0,OK
2026-05-29 13:04:43,2.0,2.5,0.278,0,OK
2026-05-29 13:04:44,2.4,2.083,0.417,0,OK
2026-05-29 13:04:45,2.0,2.5,0.417,0,OK
2026-05-29 13:04:46,1.5,3.333,0.833,0,OK
2026-05-29 13:04:47,1.5,3.333,0.0,0,OK
2026-05-29 13:04:48,1.6,3.125,0.208,0,OK
2026-05-29 13:04:49,1.4,3.571,0.446,0,OK
2026-05-29 13:04:50,1.4,3.571,0.0,0,OK
2026-05-29 13:04:51,1.4,3.571,0.0,0,OK
2026-05-29 13:04:52,1.6,3.125,0.446,0,OK
2026-05-29 13:04:53,1.4,3.571,0.446,0,OK
2026-05-29 13:04:54,0.9,5.556,1.984,1,OK
2026-05-29 13:04:55,0.9,5.556,0.0,1,OK
2026-05-29 13:04:56,0.9,5.556,0.0,1,OK
2026-05-29 13:04:57,1.0,5.0,0.556,1,OK
2026-05-29 13:04:58,1.3,3.846,1.154,1,OK
2026-05-29 13:04:59,0.7,7.143,3.297,1,OK
2026-05-29 13:05:00,1.1,4.545,2.597,1,OK
2026-05-29 13:05:01,1.6,3.125,1.42,1,OK
2026-05-29 13:05:02,1.3,3.846,0.721,1,OK
2026-05-29 13:05:03,1.2,4.167,0.321,1,OK
2026-05-29 13:05:04,0.9,5.556,1.389,1,OK
2026-05-29 13:05:05,0.8,6.25,0.694,1,OK
2026-05-29 13:05:06,0.7,7.143,0.893,1,OK
2026-05-29 13:05:07,0.7,7.143,0.0,1,OK
2026-05-29 13:05:08,0.6,8.333,1.19,1,OK
2026-05-29 13:05:09,0.8,6.25,2.083,1,OK
2026-05-29 13:05:10,0.9,5.556,0.694,1,OK
2026-05-29 13:05:11,0.8,6.25,0.694,1,OK
2026-05-29 13:05:12,0.8,6.25,0.0,1,OK
2026-05-29 13:05:13,0.8,6.25,0.0,1,OK
2026-05-29 13:05:14,0.8,6.25,0.0,1,OK
2026-05-29 13:05:15,0.9,5.556,0.694,1,OK
2026-05-29 13:05:16,1.1,4.545,1.01,1,OK
2026-05-29 13:05:17,0.9,5.556,1.01,1,OK
2026-05-29 13:05:18,0.9,5.556,0.0,1,OK
2026-05-29 13:05:19,0.8,6.25,0.694,1,OK
2026-05-29 13:05:20,1.1,4.545,1.705,1,OK
2026-05-29 13:05:21,1.7,2.941,1.604,1,OK
2026-05-29 13:05:22,1.2,4.167,1.225,1,OK
2026-05-29 13:05:23,0.9,5.556,1.389,1,OK
2026-05-29 13:05:24,0.9,5.556,0.0,1,OK
2026-05-29 13:05:25,1.0,5.0,0.556,1,OK
2026-05-29 13:05:26,1.1,4.545,0.455,1,OK
2026-05-29 13:05:27,0.5,10.0,5.455,1,OK
2026-05-29 13:05:28,0.8,6.25,3.75,1,OK
2026-05-29 13:05:29,0.5,10.0,3.75,1,OK
2026-05-29 13:05:30,0.8,6.25,3.75,1,OK
2026-05-29 13:05:31,0.7,7.143,0.893,1,OK
2026-05-29 13:05:32,0.9,5.556,1.587,1,OK
2026-05-29 13:05:33,1.1,4.545,1.01,1,OK
2026-05-29 13:05:34,1.0,5.0,0.455,1,OK
2026-05-29 13:05:35,0.9,5.556,0.556,1,OK
2026-05-29 13:05:36,0.7,7.143,1.587,1,OK
2026-05-29 13:05:37,0.8,6.25,0.893,1,OK
2026-05-29 13:05:38,0.8,6.25,0.0,1,OK
2026-05-29 13:05:39,1.2,4.167,2.083,1,OK
2026-05-29 13:05:40,1.1,4.545,0.379,1,OK
2026-05-29 13:05:41,1.0,5.0,0.455,1,OK
2026-05-29 13:05:42,0.8,6.25,1.25,1,OK
2026-05-29 13:05:43,0.6,8.333,2.083,1,OK
2026-05-29 13:05:44,0.7,7.143,1.19,1,OK
2026-05-29 13:05:45,0.6,8.333,1.19,1,OK
2026-05-29 13:05:46,0.7,7.143,1.19,1,OK
2026-05-29 13:05:47,0.9,5.556,1.587,1,OK
2026-05-29 13:05:48,0.7,7.143,1.587,1,OK
2026-05-29 13:05:49,0.8,6.25,0.893,1,OK
2026-05-29 13:05:50,1.0,5.0,1.25,1,OK
2026-05-29 13:05:51,1.1,4.545,0.455,1,OK
2026-05-29 13:05:52,0.8,6.25,1.705,1,OK
2026-05-29 13:05:53,0.6,8.333,2.083,1,OK
2026-05-29 13:05:54,0.7,7.143,1.19,1,OK
2026-05-29 13:05:55,1.0,5.0,2.143,1,OK
2026-05-29 13:05:56,0.9,5.556,0.556,1,OK
2026-05-29 13:05:57,0.8,6.25,0.694,1,OK
2026-05-29 13:05:58,1.1,4.545,1.705,1,OK
2026-05-29 13:05:59,0.8,6.25,1.705,1,OK
2026-05-29 13:06:00,0.9,5.556,0.694,1,OK
2026-05-29 13:06:01,0.8,6.25,0.694,1,OK
2026-05-29 13:06:02,0.8,6.25,0.0,1,OK
2026-05-29 13:06:03,1.0,5.0,1.25,1,OK
2026-05-29 13:06:04,1.0,5.0,0.0,1,OK
2026-05-29 13:06:05,0.7,7.143,2.143,1,OK
2026-05-29 13:06:06,1.0,5.0,2.143,1,OK
2026-05-29 13:06:07,0.9,5.556,0.556,1,OK
2026-05-29 13:06:08,1.0,5.0,0.556,1,OK
2026-05-29 13:06:09,0.8,6.25,1.25,1,OK
2026-05-29 13:06:10,0.9,5.556,0.694,1,OK
2026-05-29 13:06:11,0.8,6.25,0.694,1,OK
2026-05-29 13:06:12,0.9,5.556,0.694,1,OK
2026-05-29 13:06:13,1.1,4.545,1.01,1,OK
2026-05-29 13:06:14,0.8,6.25,1.705,1,OK
2026-05-29 13:06:15,0.7,7.143,0.893,1,OK
2026-05-29 13:06:16,0.8,6.25,0.893,1,OK
2026-05-29 13:06:17,0.8,6.25,0.0,1,OK
2026-05-29 13:06:18,0.8,6.25,0.0,1,OK
2026-05-29 13:06:19,0.9,5.556,0.694,1,OK
2026-05-29 13:06:20,1.1,4.545,1.01,1,OK
2026-05-29 13:06:21,0.9,5.556,1.01,1,OK
2026-05-29 13:06:22,0.7,7.143,1.587,1,OK
2026-05-29 13:06:23,1.0,5.0,2.143,1,OK
2026-05-29 13:06:24,0.7,7.143,2.143,1,OK
2026-05-29 13:06:25,0.7,7.143,0.0,1,OK
2026-05-29 13:06:26,0.8,6.25,0.893,1,OK
2026-05-29 13:06:27,1.0,5.0,1.25,1,OK
2026-05-29 13:06:28,0.9,5.556,0.556,1,OK
2026-05-29 13:06:29,1.0,5.0,0.556,1,OK
2026-05-29 13:06:30,0.8,6.25,1.25,1,OK
2026-05-29 13:06:31,0.9,5.556,0.694,1,OK
2026-05-29 13:06:32,0.8,6.25,0.694,1,OK
2026-05-29 13:06:33,1.0,5.0,1.25,1,OK
2026-05-29 13:06:34,0.9,5.556,0.556,1,OK
2026-05-29 13:06:35,0.9,5.556,0.0,1,OK
2026-05-29 13:06:36,0.8,6.25,0.694,1,OK
2026-05-29 13:06:37,1.0,5.0,1.25,1,OK
2026-05-29 13:06:38,0.9,5.556,0.556,1,OK
2026-05-29 13:06:39,0.8,6.25,0.694,1,OK
2026-05-29 13:06:40,0.7,7.143,0.893,1,OK
2026-05-29 13:06:41,0.8,6.25,0.893,1,OK
2026-05-29 13:06:42,1.1,4.545,1.705,1,OK
2026-05-29 13:06:43,0.5,10.0,5.455,1,OK
2026-05-29 13:06:44,0.8,6.25,3.75,1,OK
2026-05-29 13:06:45,1.0,5.0,1.25,1,OK
2026-05-29 13:06:46,0.7,7.143,2.143,1,OK
2026-05-29 13:06:47,0.9,5.556,1.587,1,OK
2026-05-29 13:06:48,0.9,5.556,0.0,1,OK
2026-05-29 13:06:49,0.9,5.556,0.0,1,OK
2026-05-29 13:06:50,0.8,6.25,0.694,1,OK
2026-05-29 13:06:51,1.1,4.545,1.705,1,OK
2026-05-29 13:06:52,0.9,5.556,1.01,1,OK
2026-05-29 13:06:53,1.0,5.0,0.556,1,OK
2026-05-29 13:06:54,0.9,5.556,0.556,1,OK
2026-05-29 13:06:55,1.0,5.0,0.556,1,OK
2026-05-29 13:06:56,0.7,7.143,2.143,1,OK
2026-05-29 13:06:57,0.9,5.556,1.587,1,OK
2026-05-29 13:06:58,0.7,7.143,1.587,1,OK
2026-05-29 13:06:59,0.8,6.25,0.893,1,OK
2026-05-29 13:07:00,1.0,5.0,1.25,1,OK
2026-05-29 13:07:01,0.8,6.25,1.25,1,OK
2026-05-29 13:07:02,0.7,7.143,0.893,1,OK
2026-05-29 13:07:03,1.0,5.0,2.143,1,OK
2026-05-29 13:07:04,0.6,8.333,3.333,1,OK
2026-05-29 13:07:05,0.8,6.25,2.083,1,OK
2026-05-29 13:07:06,0.8,6.25,0.0,1,OK
2026-05-29 13:07:07,1.0,5.0,1.25,1,OK
2026-05-29 13:07:08,0.6,8.333,3.333,1,OK
2026-05-29 13:07:09,0.7,7.143,1.19,1,OK
2026-05-29 13:07:10,0.9,5.556,1.587,1,OK
2026-05-29 13:07:11,0.8,6.25,0.694,1,OK
2026-05-29 13:07:12,0.9,5.556,0.694,1,OK
2026-05-29 13:07:13,0.9,5.556,0.0,1,OK
2026-05-29 13:07:14,0.6,8.333,2.778,1,OK
2026-05-29 13:07:15,0.9,5.556,2.778,1,OK
2026-05-29 13:07:16,0,,0,1,READ_FAIL
2026-05-29 13:07:17,0,,0,1,READ_FAIL
2026-05-29 13:07:18,0,,0,1,READ_FAIL
2026-05-29 13:07:19,0,,0,1,READ_FAIL
2026-05-29 13:07:20,0,,0,1,READ_FAIL
2026-05-29 13:07:21,0,,0,1,READ_FAIL
2026-05-29 13:07:22,0,,0,1,READ_FAIL
2026-05-29 13:07:23,0,,0,1,READ_FAIL
2026-05-29 13:07:24,0,,0,1,READ_FAIL
2026-05-29 13:07:25,0,,0,1,READ_FAIL
2026-05-29 13:07:26,0,,0,1,READ_FAIL
2026-05-29 13:07:27,0,,0,1,READ_FAIL
2026-05-29 13:07:28,0,,0,1,READ_FAIL
2026-05-29 13:07:29,0,,0,1,READ_FAIL
2026-05-29 13:07:30,0,,0,1,READ_FAIL
2026-05-29 13:07:31,0,,0,1,READ_FAIL
2026-05-29 13:07:32,0,,0,1,READ_FAIL
2026-05-29 13:07:33,0,,0,1,READ_FAIL
2026-05-29 13:07:34,0,,0,1,READ_FAIL
2026-05-29 13:07:35,0,,0,1,READ_FAIL
2026-05-29 13:07:36,0,,0,1,READ_FAIL
2026-05-29 13:07:37,0,,0,1,READ_FAIL
2026-05-29 13:07:38,0,,0,1,READ_FAIL
2026-05-29 13:07:39,0,,0,1,READ_FAIL
2026-05-29 13:07:40,0,,0,1,READ_FAIL
2026-05-29 13:07:41,0,,0,1,READ_FAIL
2026-05-29 13:07:42,0,,0,1,READ_FAIL
2026-05-29 13:07:43,0,,0,1,READ_FAIL
2026-05-29 13:07:44,0,,0,1,READ_FAIL
2026-05-29 13:07:45,0,,0,1,READ_FAIL
2026-05-29 13:07:48,2.1,2.381,0,0,OK
2026-05-29 13:07:49,2.0,2.5,0.119,0,OK
2026-05-29 13:07:50,2.1,2.381,0.119,0,OK
2026-05-29 13:07:51,2.0,2.5,0.119,0,OK
2026-05-29 13:07:52,2.2,2.273,0.227,0,OK
2026-05-29 13:07:53,2.1,2.381,0.108,0,OK
2026-05-29 13:07:54,2.1,2.381,0.0,0,OK
2026-05-29 13:07:55,2.1,2.381,0.0,0,OK
2026-05-29 13:07:56,2.1,2.381,0.0,0,OK
2026-05-29 13:07:57,2.0,2.5,0.119,0,OK
2026-05-29 13:07:58,2.0,2.5,0.0,0,OK
2026-05-29 13:07:59,2.2,2.273,0.227,0,OK
2026-05-29 13:08:00,2.3,2.174,0.099,0,OK
2026-05-29 13:08:01,2.2,2.273,0.099,0,OK
2026-05-29 13:08:02,2.3,2.174,0.099,0,OK
2026-05-29 13:08:03,2.2,2.273,0.099,0,OK
2026-05-29 13:08:04,2.3,2.174,0.099,0,OK
2026-05-29 13:08:05,2.2,2.273,0.099,0,OK
2026-05-29 13:08:06,2.0,2.5,0.227,0,OK
2026-05-29 13:08:07,1.9,2.632,0.132,0,OK
2026-05-29 13:08:08,2.1,2.381,0.251,0,OK
2026-05-29 13:08:09,2.1,2.381,0.0,0,OK
2026-05-29 13:08:10,2.2,2.273,0.108,0,OK
2026-05-29 13:08:11,1.9,2.632,0.359,0,OK
2026-05-29 13:08:12,0.0,,0,0,NO_CURRENT
2026-05-29 13:08:13,0.0,,0,0,NO_CURRENT
2026-05-29 13:08:14,0.0,,0,0,NO_CURRENT
2026-05-29 13:08:15,0.0,,0,0,NO_CURRENT
2026-05-29 13:08:16,0.0,,0,0,NO_CURRENT
2026-05-29 13:08:17,0.0,,0,0,NO_CURRENT
2026-05-29 13:08:18,0.0,,0,0,NO_CURRENT
2026-05-29 13:08:19,0.0,,0,0,NO_CURRENT
2026-05-29 13:08:20,0.0,,0,0,NO_CURRENT
2026-05-29 13:08:21,0.0,,0,0,NO_CURRENT
2026-05-29 13:08:22,0.0,,0,0,NO_CURRENT
2026-05-29 13:08:23,0.0,,0,0,NO_CURRENT
2026-05-29 13:08:24,0.0,,0,0,NO_CURRENT
2026-05-29 13:08:25,0.0,,0,0,NO_CURRENT
2026-05-29 13:08:26,0.0,,0,0,NO_CURRENT
2026-05-29 13:08:27,0.0,,0,0,NO_CURRENT
2026-05-29 13:08:28,0.0,,0,0,NO_CURRENT
2026-05-29 13:08:29,0.0,,0,0,NO_CURRENT
2026-05-29 13:08:30,0.0,,0,0,NO_CURRENT
2026-05-29 13:08:32,0.0,,0,0,NO_CURRENT
2026-05-29 13:08:33,0.0,,0,0,NO_CURRENT
2026-05-29 13:08:34,0.0,,0,0,NO_CURRENT
2026-05-29 13:08:35,0.0,,0,0,NO_CURRENT
2026-05-29 13:08:36,0.0,,0,0,NO_CURRENT
2026-05-29 13:08:37,0.0,,0,0,NO_CURRENT
2026-05-29 13:08:38,0.0,,0,0,NO_CURRENT
2026-05-29 13:08:39,0.0,,0,0,NO_CURRENT
2026-05-29 13:08:40,0.0,,0,0,NO_CURRENT
2026-05-29 13:08:52,9.5,0.526,0,0,OK
2026-05-29 13:08:53,8.5,0.588,0.062,0,OK
2026-05-29 13:08:54,7.8,0.641,0.053,0,OK
2026-05-29 13:08:55,6.1,0.82,0.179,0,OK
2026-05-29 13:08:56,6.2,0.806,0.013,0,OK
2026-05-29 13:08:57,6.2,0.806,0.0,0,OK
2026-05-29 13:08:58,6.2,0.806,0.0,0,OK
2026-05-29 13:08:59,6.4,0.781,0.025,0,OK
2026-05-29 13:09:00,6.1,0.82,0.038,0,OK
2026-05-29 13:09:01,5.3,0.943,0.124,0,OK
2026-05-29 13:09:02,5.3,0.943,0.0,0,OK
2026-05-29 13:09:03,5.3,0.943,0.0,0,OK
2026-05-29 13:09:04,5.2,0.962,0.018,0,OK
2026-05-29 13:09:05,4.6,1.087,0.125,0,OK
2026-05-29 13:09:06,4.4,1.136,0.049,0,OK
2026-05-29 13:09:07,4.2,1.19,0.054,0,OK
2026-05-29 13:09:08,5.4,0.926,0.265,0,OK
2026-05-29 13:09:09,5.0,1.0,0.074,0,OK
2026-05-29 13:09:10,4.4,1.136,0.136,0,OK
2026-05-29 13:09:11,3.1,1.613,0.477,0,OK
2026-05-29 13:09:12,2.7,1.852,0.239,0,OK
2026-05-29 13:09:13,2.2,2.273,0.421,0,OK
2026-05-29 13:09:14,2.0,2.5,0.227,0,OK
2026-05-29 13:09:15,2.1,2.381,0.119,0,OK
2026-05-29 13:09:16,1.9,2.632,0.251,0,OK
2026-05-29 13:09:17,1.7,2.941,0.31,0,OK
2026-05-29 13:09:18,2.0,2.5,0.441,0,OK
2026-05-29 13:09:19,2.0,2.5,0.0,0,OK
2026-05-29 13:09:20,2.2,2.273,0.227,0,OK
2026-05-29 13:09:21,2.0,2.5,0.227,0,OK
2026-05-29 13:09:22,2.1,2.381,0.119,0,OK
2026-05-29 13:09:23,2.0,2.5,0.119,0,OK
2026-05-29 13:09:24,2.1,2.381,0.119,0,OK
2026-05-29 13:09:25,1.9,2.632,0.251,0,OK
2026-05-29 13:09:26,2.1,2.381,0.251,0,OK
2026-05-29 13:09:27,2.2,2.273,0.108,0,OK
2026-05-29 13:09:28,2.2,2.273,0.0,0,OK
2026-05-29 13:09:29,2.1,2.381,0.108,0,OK
2026-05-29 13:09:30,2.0,2.5,0.119,0,OK
2026-05-29 13:09:31,2.1,2.381,0.119,0,OK
2026-05-29 13:09:32,1.9,2.632,0.251,0,OK
2026-05-29 13:09:33,2.0,2.5,0.132,0,OK
2026-05-29 13:09:34,1.9,2.632,0.132,0,OK
2026-05-29 13:09:35,1.8,2.778,0.146,0,OK
2026-05-29 13:09:36,2.4,2.083,0.694,0,OK
2026-05-29 13:09:37,2.5,2.0,0.083,0,OK
2026-05-29 13:09:38,2.3,2.174,0.174,0,OK
2026-05-29 13:09:39,2.2,2.273,0.099,0,OK
2026-05-29 13:09:40,2.1,2.381,0.108,0,OK
2026-05-29 13:09:41,2.2,2.273,0.108,0,OK
2026-05-29 13:09:42,2.2,2.273,0.0,0,OK
2026-05-29 13:09:43,1.8,2.778,0.505,0,OK
2026-05-29 13:10:14,-1.3,,0,0,NO_CURRENT
2026-05-29 13:10:15,-1.2,,0,0,NO_CURRENT
2026-05-29 13:10:16,-1.6,,0,0,NO_CURRENT
2026-05-29 13:10:17,-1.2,,0,0,NO_CURRENT
2026-05-29 13:10:18,-1.2,,0,0,NO_CURRENT
2026-05-29 13:10:19,-1.0,,0,0,NO_CURRENT
2026-05-29 13:10:20,-1.4,,0,0,NO_CURRENT
2026-05-29 13:10:21,-1.1,,0,0,NO_CURRENT
2026-05-29 13:11:37,3.0,1.667,0,0,OK
2026-05-29 13:11:38,3.1,1.613,0.054,0,OK
2026-05-29 13:11:39,3.1,1.613,0.0,0,OK
2026-05-29 13:11:40,3.1,1.613,0.0,0,OK
2026-05-29 13:11:41,3.4,1.471,0.142,0,OK
2026-05-29 13:11:42,3.4,1.471,0.0,0,OK
2026-05-29 13:11:43,3.4,1.471,0.0,0,OK
2026-05-29 13:11:44,11.1,0.45,1.02,0,OK
2026-05-29 13:11:45,10.8,0.463,0.013,0,OK
2026-05-29 13:11:46,10.9,0.459,0.004,0,OK
2026-05-29 13:11:47,10.5,0.476,0.017,0,OK
2026-05-29 13:11:48,9.6,0.521,0.045,0,OK
2026-05-29 13:11:49,8.5,0.588,0.067,0,OK
2026-05-29 13:11:50,8.7,0.575,0.014,0,OK
2026-05-29 13:11:51,7.2,0.694,0.12,0,OK
2026-05-29 13:11:52,10.7,0.467,0.227,0,OK
2026-05-29 13:11:53,10.5,0.476,0.009,0,OK
2026-05-29 13:11:54,9.5,0.526,0.05,0,OK
2026-05-29 13:11:55,9.1,0.549,0.023,0,OK
2026-05-29 13:11:56,8.9,0.562,0.012,0,OK
2026-05-29 13:11:57,8.7,0.575,0.013,0,OK
2026-05-29 13:11:58,8.4,0.595,0.021,0,OK
2026-05-29 13:11:59,8.5,0.588,0.007,0,OK
2026-05-29 13:12:00,8.1,0.617,0.029,0,OK
2026-05-29 13:12:01,7.5,0.667,0.049,0,OK
2026-05-29 13:12:02,7.1,0.704,0.038,0,OK
2026-05-29 13:12:03,6.7,0.746,0.042,0,OK
2026-05-29 13:12:04,5.7,0.877,0.131,0,OK
2026-05-29 13:12:05,4.2,1.19,0.313,0,OK
2026-05-29 13:12:06,3.7,1.351,0.161,0,OK
2026-05-29 13:12:07,3.9,1.282,0.069,0,OK
2026-05-29 13:12:08,3.6,1.389,0.107,0,OK
2026-05-29 13:12:09,3.4,1.471,0.082,0,OK
2026-05-29 13:12:10,3.4,1.471,0.0,0,OK
2026-05-29 13:12:11,3.1,1.613,0.142,0,OK
2026-05-29 13:12:12,3.2,1.562,0.05,0,OK
2026-05-29 13:12:13,3.1,1.613,0.05,0,OK
2026-05-29 13:12:14,3.1,1.613,0.0,0,OK
2026-05-29 13:12:15,3.1,1.613,0.0,0,OK
2026-05-29 13:12:16,3.3,1.515,0.098,0,OK
2026-05-29 13:12:17,3.4,1.471,0.045,0,OK
2026-05-29 13:12:18,3.6,1.389,0.082,0,OK
2026-05-29 13:12:19,3.4,1.471,0.082,0,OK
2026-05-29 13:14:25,-1.2,,0,0,NO_CURRENT
2026-05-29 13:14:26,-1.6,,0,0,NO_CURRENT
2026-05-29 13:14:27,-1.3,,0,0,NO_CURRENT
2026-05-29 13:14:28,-1.4,,0,0,NO_CURRENT
2026-05-29 13:14:29,-1.5,,0,0,NO_CURRENT
2026-05-29 13:14:30,-1.3,,0,0,NO_CURRENT
2026-05-29 13:14:31,-1.1,,0,0,NO_CURRENT
2026-05-29 13:14:32,-1.3,,0,0,NO_CURRENT
2026-05-29 13:14:33,-1.4,,0,0,NO_CURRENT
2026-05-29 13:14:34,1.2,4.167,0,0,OK
2026-05-29 13:14:35,3.2,1.562,2.604,0,OK
2026-05-29 13:14:36,3.9,1.282,0.28,0,OK
2026-05-29 13:14:37,5.2,0.962,0.321,0,OK
2026-05-29 13:14:38,6.5,0.769,0.192,0,OK
2026-05-29 13:14:39,6.6,0.758,0.012,0,OK
2026-05-29 13:14:40,6.8,0.735,0.022,0,OK
2026-05-29 13:14:41,6.6,0.758,0.022,0,OK
2026-05-29 13:14:42,6.5,0.769,0.012,0,OK
2026-05-29 13:14:43,6.6,0.758,0.012,0,OK
2026-05-29 13:14:44,6.2,0.806,0.049,0,OK
2026-05-29 13:14:45,5.1,0.98,0.174,0,OK
2026-05-29 13:14:46,4.3,1.163,0.182,0,OK
2026-05-29 13:14:47,4.9,1.02,0.142,0,OK
2026-05-29 13:14:48,2.7,1.852,0.831,0,OK
2026-05-29 13:14:49,2.9,1.724,0.128,0,OK
2026-05-29 13:14:50,2.6,1.923,0.199,0,OK
2026-05-29 13:14:51,2.9,1.724,0.199,0,OK
2026-05-29 13:14:52,4.1,1.22,0.505,0,OK
2026-05-29 13:14:53,4.0,1.25,0.03,0,OK
2026-05-29 13:14:54,3.4,1.471,0.221,0,OK
2026-05-29 13:14:55,2.5,2.0,0.529,0,OK
2026-05-29 13:14:56,2.6,1.923,0.077,0,OK
2026-05-29 13:14:57,1.7,2.941,1.018,0,OK
2026-05-29 13:14:58,1.7,2.941,0.0,0,OK
2026-05-29 13:14:59,1.4,3.571,0.63,0,OK
2026-05-29 13:15:00,0.7,7.143,3.571,1,OK
2026-05-29 13:15:01,-0.9,,0,1,NO_CURRENT
2026-05-29 13:15:02,-0.9,,0,1,NO_CURRENT
2026-05-29 13:15:03,-1.2,,0,1,NO_CURRENT
2026-05-29 13:15:04,-1.4,,0,1,NO_CURRENT
2026-05-29 13:15:05,-1.4,,0,1,NO_CURRENT
2026-05-29 13:15:06,-1.4,,0,1,NO_CURRENT
2026-05-29 13:15:07,-1.5,,0,1,NO_CURRENT
2026-05-29 13:15:08,-1.4,,0,1,NO_CURRENT
2026-05-29 13:15:09,-1.3,,0,1,NO_CURRENT
2026-05-29 13:15:10,-1.3,,0,1,NO_CURRENT
2026-05-29 13:15:11,-1.3,,0,1,NO_CURRENT
2026-05-29 13:15:12,-1.4,,0,1,NO_CURRENT
2026-05-29 13:15:13,-1.1,,0,1,NO_CURRENT
2026-05-29 13:15:14,-1.3,,0,1,NO_CURRENT
2026-05-29 13:15:15,-1.6,,0,1,NO_CURRENT
2026-05-29 13:15:16,-1.3,,0,1,NO_CURRENT
2026-05-29 13:15:17,-1.2,,0,1,NO_CURRENT
2026-05-29 13:15:18,-1.4,,0,1,NO_CURRENT
2026-05-29 13:15:19,-1.2,,0,1,NO_CURRENT
2026-05-29 13:15:20,-1.4,,0,1,NO_CURRENT
2026-05-29 13:15:21,-1.4,,0,1,NO_CURRENT
2026-05-29 13:15:22,-1.3,,0,1,NO_CURRENT
2026-05-29 13:15:23,-1.1,,0,1,NO_CURRENT
2026-05-29 13:15:24,-1.3,,0,1,NO_CURRENT
2026-05-29 13:15:25,-1.4,,0,1,NO_CURRENT
2026-05-29 13:15:26,-1.2,,0,1,NO_CURRENT
                                                                                                                                                                                                                                                                                                                                                                                                                                                                                                                                                                                                                                            2026-06-01 11:02:14,0.2,25.0,0,0,NO_CURRENT
2026-06-01 11:02:15,7.1,0.704,24.296,0,OK
2026-06-01 11:02:16,7.2,0.694,0.01,0,OK
2026-06-01 11:02:17,8.3,0.602,0.092,0,OK
2026-06-01 11:02:18,8.4,0.595,0.007,0,OK
2026-06-01 11:02:19,8.2,0.61,0.015,0,OK
2026-06-01 11:02:20,6.7,0.746,0.137,0,OK
2026-06-01 11:02:21,5.1,0.98,0.234,0,OK
2026-06-01 11:02:22,4.0,1.25,0.27,0,OK
2026-06-01 11:02:23,4.0,1.25,0.0,0,OK
2026-06-01 11:02:24,7.2,0.694,0.556,0,OK
2026-06-01 11:02:25,6.7,0.746,0.052,0,OK
2026-06-01 11:02:26,6.6,0.758,0.011,0,OK
2026-06-01 11:02:27,6.5,0.769,0.012,0,OK
2026-06-01 11:02:28,6.8,0.735,0.034,0,OK
2026-06-01 11:02:29,6.8,0.735,0.0,0,OK
2026-06-01 11:02:30,6.4,0.781,0.046,0,OK
2026-06-01 11:02:31,5.2,0.962,0.18,0,OK
2026-06-01 11:02:32,3.1,1.613,0.651,0,OK
2026-06-01 11:02:33,3.2,1.562,0.05,0,OK
2026-06-01 11:02:34,5.3,0.943,0.619,0,OK
2026-06-01 11:02:35,5.1,0.98,0.037,0,OK
2026-06-01 11:02:36,4.9,1.02,0.04,0,OK
2026-06-01 11:02:37,5.1,0.98,0.04,0,OK
2026-06-01 11:02:38,5.0,1.0,0.02,0,OK
2026-06-01 11:02:39,5.0,1.0,0.0,0,OK
2026-06-01 11:02:40,4.5,1.111,0.111,0,OK
2026-06-01 11:02:41,3.2,1.562,0.451,0,OK
2026-06-01 11:02:42,2.2,2.273,0.71,0,OK
2026-06-01 11:02:43,2.7,1.852,0.421,0,OK
2026-06-01 11:02:44,3.9,1.282,0.57,0,OK
2026-06-01 11:02:45,3.7,1.351,0.069,0,OK
2026-06-01 11:02:46,3.6,1.389,0.038,0,OK
2026-06-01 11:02:47,3.4,1.471,0.082,0,OK
2026-06-01 11:02:48,4.0,1.25,0.221,0,OK
2026-06-01 11:02:49,3.0,1.667,0.417,0,OK
2026-06-01 11:02:50,1.9,2.632,0.965,0,OK
2026-06-01 11:02:51,1.4,3.571,0.94,0,OK
2026-06-01 11:02:52,1.1,4.545,0.974,0,OK
2026-06-01 11:02:53,2.2,2.273,2.273,1,OK
2026-06-01 11:02:54,0.3,16.667,14.394,1,OK
2026-06-01 11:02:55,0.8,6.25,10.417,1,OK
2026-06-01 11:02:56,0.6,8.333,2.083,1,OK
2026-06-01 11:02:57,0.3,16.667,8.333,1,OK
2026-06-01 11:02:58,0.4,12.5,4.167,1,OK
2026-06-01 11:02:59,0.2,25.0,12.5,1,NO_CURRENT
2026-06-01 11:03:00,0.2,25.0,0.0,1,NO_CURRENT
2026-06-01 11:03:01,0.0,,0,1,NO_CURRENT
2026-06-01 11:03:02,0.4,12.5,0,1,OK
2026-06-01 11:03:03,0.7,7.143,5.357,1,OK
2026-06-01 11:03:04,1.3,3.846,3.297,1,OK
2026-06-01 11:03:05,0.8,6.25,2.404,1,OK
2026-06-01 11:03:06,0.3,16.667,10.417,1,OK
2026-06-01 11:03:07,0.5,10.0,6.667,1,OK
2026-06-01 11:03:08,0.4,12.5,2.5,1,OK
2026-06-01 11:03:09,0.3,16.667,4.167,1,OK
2026-06-01 11:03:10,0.2,25.0,8.333,1,NO_CURRENT
2026-06-01 11:03:11,0.2,25.0,0.0,1,NO_CURRENT
2026-06-01 11:03:12,0.5,10.0,15.0,1,OK
2026-06-01 11:03:13,0.9,5.556,4.444,1,OK
2026-06-01 11:03:14,0.2,25.0,19.444,1,NO_CURRENT
2026-06-01 11:03:15,0.6,8.333,16.667,1,OK
2026-06-01 11:03:16,0.3,16.667,8.333,1,OK
2026-06-01 11:08:13,7.9,0.633,0,0,OK
2026-06-01 11:08:14,6.9,0.725,0.092,0,OK
2026-06-01 11:08:15,4.4,1.136,0.412,0,OK
2026-06-01 11:08:16,4.4,1.136,0.0,0,OK
2026-06-01 11:08:17,4.7,1.064,0.073,0,OK
2026-06-01 11:08:18,8.0,0.625,0.439,0,OK
2026-06-01 11:08:19,7.1,0.704,0.079,0,OK
2026-06-01 11:08:20,6.8,0.735,0.031,0,OK
2026-06-01 11:08:21,7.0,0.714,0.021,0,OK
2026-06-01 11:08:22,6.9,0.725,0.01,0,OK
2026-06-01 11:08:23,7.1,0.704,0.02,0,OK
2026-06-01 11:08:24,7.0,0.714,0.01,0,OK
2026-06-01 11:08:25,5.3,0.943,0.229,0,OK
2026-06-01 11:08:26,5.2,0.962,0.018,0,OK
2026-06-01 11:08:27,3.4,1.471,0.509,0,OK
2026-06-01 11:08:28,3.4,1.471,0.0,0,OK
2026-06-01 11:08:29,5.6,0.893,0.578,0,OK
2026-06-01 11:08:30,5.4,0.926,0.033,0,OK
2026-06-01 11:08:31,4.8,1.042,0.116,0,OK
2026-06-01 11:08:32,4.9,1.02,0.021,0,OK
2026-06-01 11:08:33,4.7,1.064,0.043,0,OK
2026-06-01 11:08:34,5.1,0.98,0.083,0,OK
2026-06-01 11:08:35,4.5,1.111,0.131,0,OK
2026-06-01 11:08:36,4.1,1.22,0.108,0,OK
2026-06-01 11:08:37,3.2,1.562,0.343,0,OK
2026-06-01 11:08:38,3.0,1.667,0.104,0,OK
2026-06-01 11:08:39,1.9,2.632,0.965,0,OK
2026-06-01 11:08:40,1.9,2.632,0.0,0,OK
2026-06-01 11:08:41,2.3,2.174,0.458,0,OK
2026-06-01 11:08:42,2.4,2.083,0.091,0,OK
2026-06-01 11:08:43,2.3,2.174,0.091,0,OK
2026-06-01 11:08:44,1.8,2.778,0.604,0,OK
2026-06-01 11:08:45,1.7,2.941,0.163,0,OK
2026-06-01 11:08:46,1.7,2.941,0.0,0,OK
2026-06-01 11:08:47,2.1,2.381,0.56,0,OK
2026-06-01 11:08:48,1.8,2.778,0.397,0,OK
2026-06-01 11:08:49,1.4,3.571,0.794,0,OK
2026-06-01 11:08:50,0.8,6.25,2.679,1,OK
2026-06-01 11:08:51,0.7,7.143,0.893,1,OK
2026-06-01 11:08:52,0.7,7.143,0.0,1,OK
2026-06-01 11:08:53,0.6,8.333,1.19,1,OK
2026-06-01 11:08:54,0.5,10.0,1.667,1,OK
2026-06-01 11:08:55,0.7,7.143,2.857,1,OK
2026-06-01 11:08:56,0.6,8.333,1.19,1,OK
2026-06-01 11:08:57,0.7,7.143,1.19,1,OK
2026-06-01 11:08:58,0.6,8.333,1.19,1,OK
2026-06-01 11:08:59,1.2,4.167,4.167,1,OK
2026-06-01 11:09:00,1.2,4.167,0.0,1,OK
2026-06-01 11:09:01,1.0,5.0,0.833,1,OK
2026-06-01 11:09:02,0.8,6.25,1.25,1,OK
2026-06-01 11:09:03,0.6,8.333,2.083,1,OK
2026-06-01 11:09:04,0.6,8.333,0.0,1,OK
2026-06-01 11:09:05,0.8,6.25,2.083,1,OK
2026-06-01 11:09:06,0.6,8.333,2.083,1,OK
2026-06-01 11:09:07,0.8,6.25,2.083,1,OK
2026-06-01 11:09:08,0.9,5.556,0.694,1,OK
2026-06-01 11:09:09,0.8,6.25,0.694,1,OK
2026-06-01 11:09:10,0.8,6.25,0.0,1,OK
2026-06-01 11:09:11,1.5,3.333,2.917,1,OK
2026-06-01 11:09:12,1.2,4.167,0.833,1,OK
2026-06-01 11:09:13,0.8,6.25,2.083,1,OK
2026-06-01 11:09:14,0.7,7.143,0.893,1,OK
2026-06-01 11:09:15,0.9,5.556,1.587,1,OK
2026-06-01 11:09:16,0.7,7.143,1.587,1,OK
2026-06-01 11:09:17,0.7,7.143,0.0,1,OK
2026-06-01 11:09:18,0.8,6.25,0.893,1,OK
2026-06-01 11:09:19,0.8,6.25,0.0,1,OK
2026-06-01 11:09:20,0.8,6.25,0.0,1,OK
2026-06-01 11:09:21,0.6,8.333,2.083,1,OK
2026-06-01 11:09:22,1.0,5.0,3.333,1,OK
2026-06-01 11:09:23,0.7,7.143,2.143,1,OK
2026-06-01 11:09:25,0.8,6.25,0.893,1,OK
2026-06-01 11:09:26,0.8,6.25,0.0,1,OK
2026-06-01 11:09:27,0.9,5.556,0.694,1,OK
2026-06-01 11:09:28,0.8,6.25,0.694,1,OK
2026-06-01 11:09:29,0.7,7.143,0.893,1,OK
2026-06-01 11:09:30,0.9,5.556,1.587,1,OK
2026-06-01 11:09:31,0.8,6.25,0.694,1,OK
2026-06-01 11:09:32,0.8,6.25,0.0,1,OK
2026-06-01 11:09:33,0.8,6.25,0.0,1,OK
2026-06-01 11:09:34,0.6,8.333,2.083,1,OK
2026-06-01 11:09:35,0.6,8.333,0.0,1,OK
2026-06-01 11:09:36,0.9,5.556,2.778,1,OK
2026-06-01 11:09:37,0.8,6.25,0.694,1,OK
2026-06-01 11:09:38,0.7,7.143,0.893,1,OK
2026-06-01 11:09:39,1.0,5.0,2.143,1,OK
2026-06-01 11:10:59,6.9,0.725,0,0,OK
2026-06-01 11:11:00,6.5,0.769,0.045,0,OK
2026-06-01 11:11:01,6.2,0.806,0.037,0,OK
2026-06-01 11:11:02,7.2,0.694,0.112,0,OK
2026-06-01 11:11:03,6.8,0.735,0.041,0,OK
2026-06-01 11:11:04,6.5,0.769,0.034,0,OK
2026-06-01 11:11:05,6.2,0.806,0.037,0,OK
2026-06-01 11:11:06,5.8,0.862,0.056,0,OK
2026-06-01 11:11:07,4.9,1.02,0.158,0,OK
2026-06-01 11:11:08,2.0,2.5,1.48,0,OK
2026-06-01 11:11:09,1.4,3.571,1.071,0,OK
2026-06-01 11:11:10,1.4,3.571,0.0,0,OK
2026-06-01 11:11:11,2.8,1.786,1.786,0,OK
2026-06-01 11:11:12,3.0,1.667,0.119,0,OK
2026-06-01 11:11:13,2.8,1.786,0.119,0,OK
2026-06-01 11:11:14,2.8,1.786,0.0,0,OK
2026-06-01 11:11:15,2.7,1.852,0.066,0,OK
2026-06-01 11:11:16,2.9,1.724,0.128,0,OK
2026-06-01 11:11:17,3.4,1.471,0.254,0,OK
2026-06-01 11:11:18,3.2,1.562,0.092,0,OK
2026-06-01 11:11:19,1.1,4.545,2.983,1,OK
2026-06-01 11:11:20,-0.5,,0,1,NO_CURRENT
2026-06-01 11:11:21,-0.4,,0,1,NO_CURRENT
2026-06-01 11:11:22,-0.6,,0,1,NO_CURRENT
2026-06-01 11:11:23,-0.5,,0,1,NO_CURRENT
2026-06-01 11:11:24,-0.2,,0,1,NO_CURRENT
2026-06-01 11:11:25,-0.5,,0,1,NO_CURRENT
2026-06-01 11:11:26,-0.6,,0,1,NO_CURRENT
2026-06-01 11:11:27,-0.5,,0,1,NO_CURRENT
2026-06-01 11:11:28,0.1,50.0,0,1,NO_CURRENT
2026-06-01 11:11:29,-0.2,,0,1,NO_CURRENT
2026-06-01 11:11:30,-0.6,,0,1,NO_CURRENT
2026-06-01 11:11:31,-0.6,,0,1,NO_CURRENT
2026-06-01 11:11:32,-0.5,,0,1,NO_CURRENT
2026-06-01 11:11:33,-0.5,,0,1,NO_CURRENT
2026-06-01 11:11:34,-0.5,,0,1,NO_CURRENT
2026-06-01 11:11:35,-0.4,,0,1,NO_CURRENT
2026-06-01 11:11:36,-0.5,,0,1,NO_CURRENT
2026-06-01 11:11:37,-0.5,,0,1,NO_CURRENT
2026-06-01 11:11:38,0.2,25.0,0,1,NO_CURRENT
2026-06-01 11:11:39,0.0,,0,1,NO_CURRENT
2026-06-01 11:11:40,-0.5,,0,1,NO_CURRENT
2026-06-01 11:11:41,-0.6,,0,1,NO_CURRENT
2026-06-01 11:11:42,-0.6,,0,1,NO_CURRENT
2026-06-01 11:11:43,-0.4,,0,1,NO_CURRENT
2026-06-01 11:11:44,-0.5,,0,1,NO_CURRENT
2026-06-01 11:11:45,-0.6,,0,1,NO_CURRENT
2026-06-01 11:11:46,-0.4,,0,1,NO_CURRENT
2026-06-01 11:11:47,0.2,25.0,0,1,NO_CURRENT
2026-06-01 11:11:48,0.0,,0,1,NO_CURRENT
2026-06-01 11:11:49,-0.5,,0,1,NO_CURRENT
2026-06-01 11:12:20,-0.6,,0,0,NO_CURRENT
2026-06-01 11:12:21,-0.4,,0,0,NO_CURRENT
2026-06-01 11:12:22,-0.5,,0,0,NO_CURRENT
2026-06-01 11:12:23,-0.4,,0,0,NO_CURRENT
2026-06-01 11:12:24,0.7,7.143,0,0,OK
2026-06-01 11:12:25,1.6,3.125,4.018,1,OK
2026-06-01 11:12:26,-0.6,,0,1,NO_CURRENT
2026-06-01 11:12:27,0.2,25.0,0,1,NO_CURRENT
2026-06-01 11:12:28,-0.3,,0,1,NO_CURRENT
2026-06-01 11:12:29,-0.5,,0,1,NO_CURRENT
2026-06-01 11:12:30,-0.6,,0,1,NO_CURRENT
2026-06-01 11:12:31,-0.5,,0,1,NO_CURRENT
2026-06-01 11:12:32,-0.4,,0,1,NO_CURRENT
2026-06-01 11:12:33,-0.5,,0,1,NO_CURRENT
2026-06-01 11:12:36,3.2,1.562,0,0,OK
2026-06-01 11:12:37,3.7,1.351,0.211,0,OK
2026-06-01 11:12:38,3.8,1.316,0.036,0,OK
2026-06-01 11:12:39,3.9,1.282,0.034,0,OK
2026-06-01 11:12:40,4.5,1.111,0.171,0,OK
2026-06-01 11:12:41,3.3,1.515,0.404,0,OK
2026-06-01 11:12:42,3.0,1.667,0.152,0,OK
2026-06-01 11:12:43,1.9,2.632,0.965,0,OK
2026-06-01 11:12:44,2.4,2.083,0.548,0,OK
2026-06-01 11:12:45,5.5,0.909,1.174,0,OK
2026-06-01 11:12:46,5.2,0.962,0.052,0,OK
2026-06-01 11:12:47,5.4,0.926,0.036,0,OK
2026-06-01 11:12:48,6.2,0.806,0.119,0,OK
2026-06-01 11:12:49,7.0,0.714,0.092,0,OK
2026-06-01 11:12:50,6.9,0.725,0.01,0,OK
2026-06-01 11:12:51,5.5,0.909,0.184,0,OK
2026-06-01 11:12:52,4.6,1.087,0.178,0,OK
2026-06-01 11:12:53,3.1,1.613,0.526,0,OK
2026-06-01 11:12:54,5.8,0.862,0.751,0,OK
2026-06-01 11:12:55,5.6,0.893,0.031,0,OK
2026-06-01 11:12:56,4.9,1.02,0.128,0,OK
2026-06-01 11:12:57,5.0,1.0,0.02,0,OK
2026-06-01 11:12:58,5.1,0.98,0.02,0,OK
2026-06-01 11:12:59,4.7,1.064,0.083,0,OK
2026-06-01 11:13:00,3.1,1.613,0.549,0,OK
2026-06-01 11:13:01,2.1,2.381,0.768,0,OK
2026-06-01 11:13:02,1.4,3.571,1.19,0,OK
2026-06-01 11:13:03,3.1,1.613,1.959,0,OK
2026-06-01 11:13:04,3.2,1.562,0.05,0,OK
2026-06-01 11:13:05,2.7,1.852,0.289,0,OK
2026-06-01 11:13:06,2.8,1.786,0.066,0,OK
2026-06-01 11:13:07,3.3,1.515,0.271,0,OK
2026-06-01 11:13:08,3.0,1.667,0.152,0,OK
2026-06-01 11:13:09,2.1,2.381,0.714,0,OK
2026-06-01 11:13:10,0.9,5.556,3.175,1,OK
2026-06-01 11:13:11,-0.5,,0,1,NO_CURRENT
2026-06-01 11:13:12,-0.6,,0,1,NO_CURRENT
2026-06-01 11:13:13,-0.5,,0,1,NO_CURRENT
2026-06-01 11:13:14,-0.4,,0,1,NO_CURRENT
2026-06-01 11:13:15,-0.5,,0,1,NO_CURRENT
2026-06-01 11:13:16,-0.4,,0,1,NO_CURRENT
2026-06-01 11:13:17,0.3,16.667,0,1,OK
2026-06-01 12:41:19,-0.7,,0,0,NO_CURRENT
2026-06-01 12:41:20,-0.6,,0,0,NO_CURRENT
2026-06-01 12:41:21,-0.3,,0,0,NO_CURRENT
2026-06-03 15:37:23,102.4,0.049,0,0,OK
2026-06-03 15:37:24,102.4,0.049,0.0,0,OK
2026-06-03 15:37:25,102.4,0.049,0.0,0,OK
2026-06-03 15:37:26,102.4,0.049,0.0,0,OK
2026-06-03 15:37:27,102.4,0.049,0.0,0,OK
2026-06-03 15:37:28,102.4,0.049,0.0,0,OK
2026-06-03 15:37:29,102.4,0.049,0.0,0,OK
2026-06-03 15:37:30,102.4,0.049,0.0,0,OK
2026-06-03 15:37:31,102.4,0.049,0.0,0,OK
2026-06-03 15:37:32,102.4,0.049,0.0,0,OK
2026-06-03 15:37:33,102.4,0.049,0.0,0,OK
2026-06-03 15:38:13,0.9,5.556,0,0,OK
2026-06-03 15:38:14,0.8,6.25,0.694,0,OK
2026-06-03 15:38:15,0.9,5.556,0.694,0,OK
2026-06-03 15:38:16,0.9,5.556,0.0,0,OK
2026-06-03 18:25:46,2.4,2.083,0,0,OK
2026-06-03 18:25:47,2.4,2.083,0.0,0,OK
2026-06-03 18:25:48,1.9,2.632,0.548,0,OK
2026-06-03 18:25:49,2.1,2.381,0.251,0,OK
2026-06-03 18:25:50,2.4,2.083,0.298,0,OK
2026-06-03 18:25:51,2.1,2.381,0.298,0,OK
2026-06-03 18:25:52,2.2,2.273,0.108,0,OK
2026-06-03 18:25:53,2.1,2.381,0.108,0,OK
2026-06-03 18:25:54,2.2,2.273,0.108,0,OK
2026-06-03 18:25:55,2.0,2.5,0.227,0,OK
2026-06-03 18:25:56,2.0,2.5,0.0,0,OK
2026-06-03 18:25:57,2.1,2.381,0.119,0,OK
2026-06-03 18:25:58,2.4,2.083,0.298,0,OK
2026-06-03 18:25:59,2.1,2.381,0.298,0,OK
2026-06-03 18:26:24,1.9,2.632,0,0,OK
2026-06-03 18:26:25,2.1,2.381,0.251,0,OK
2026-06-03 18:26:26,2.1,2.381,0.0,0,OK
2026-06-03 18:26:27,2.3,2.174,0.207,0,OK
2026-06-03 18:26:28,2.1,2.381,0.207,0,OK
2026-06-03 18:26:29,2.2,2.273,0.108,0,OK
2026-06-03 18:26:30,2.2,2.273,0.0,0,OK
2026-06-03 18:26:31,2.0,2.5,0.227,0,OK
2026-06-03 18:26:32,2.2,2.273,0.227,0,OK
2026-06-03 18:26:33,1.9,2.632,0.359,0,OK
2026-06-03 18:26:34,2.0,2.5,0.132,0,OK
2026-06-03 18:26:58,102.4,0.049,0,0,OK
2026-06-03 18:26:59,102.4,0.049,0.0,0,OK
2026-06-03 18:27:00,102.4,0.049,0.0,0,OK
2026-06-03 18:27:01,102.4,0.049,0.0,0,OK
2026-06-03 18:27:02,102.4,0.049,0.0,0,OK
2026-06-03 18:27:03,102.4,0.049,0.0,0,OK
2026-06-03 18:27:04,102.4,0.049,0.0,0,OK
2026-06-03 18:27:05,102.4,0.049,0.0,0,OK
2026-06-03 18:27:06,102.4,0.049,0.0,0,OK
2026-06-03 18:27:22,0.6,8.333,0,0,OK
2026-06-03 18:27:23,0.7,7.143,1.19,0,OK
2026-06-03 18:27:24,0.6,8.333,1.19,0,OK
2026-06-03 18:27:25,0.4,12.5,4.167,1,OK
2026-06-03 18:27:26,0.9,5.556,6.944,1,OK
2026-06-03 18:27:27,0.4,12.5,6.944,1,OK
2026-06-03 18:27:43,-0.4,,0,0,NO_CURRENT
2026-06-03 18:27:44,-0.1,,0,0,NO_CURRENT
2026-06-03 18:27:45,-0.3,,0,0,NO_CURRENT
2026-06-03 18:27:46,-0.6,,0,0,NO_CURRENT
2026-06-03 18:27:47,-0.4,,0,0,NO_CURRENT
2026-06-03 18:27:48,-0.3,,0,0,NO_CURRENT
2026-06-03 18:29:38,-0.5,,0,0,NO_CURRENT
2026-06-03 18:29:39,-0.5,,0,0,NO_CURRENT
2026-06-03 18:29:40,-0.7,,0,0,NO_CURRENT
2026-06-03 18:29:41,-0.5,,0,0,NO_CURRENT
2026-06-03 18:30:55,-0.3,,0,0,NO_CURRENT
2026-06-03 18:30:56,-0.6,,0,0,NO_CURRENT
2026-06-03 18:30:57,-0.5,,0,0,NO_CURRENT
2026-06-03 18:32:47,3.0,1.667,0,0,OK
2026-06-03 18:32:48,3.2,1.562,0.104,0,OK
2026-06-03 18:32:49,3.2,1.562,0.0,0,OK
2026-06-03 18:32:50,3.3,1.515,0.047,0,OK
2026-06-03 18:32:51,3.3,1.515,0.0,0,OK
2026-06-04 11:07:45,-1.4,,0,0,NO_CURRENT
2026-06-04 11:07:46,-1.2,,0,0,NO_CURRENT
2026-06-04 11:07:47,-1.5,,0,0,NO_CURRENT
2026-06-04 11:07:48,-1.2,,0,0,NO_CURRENT
2026-06-04 11:07:49,-1.4,,0,0,NO_CURRENT
2026-06-04 11:07:50,-1.2,,0,0,NO_CURRENT
2026-06-04 11:08:12,-0.3,,0,0,NO_CURRENT
2026-06-04 11:08:13,-0.3,,0,0,NO_CURRENT
2026-06-04 11:08:14,-0.4,,0,0,NO_CURRENT
2026-06-04 11:08:31,0.4,12.5,0,0,OK
2026-06-04 11:08:32,0.7,7.143,5.357,1,OK
2026-06-04 11:08:33,0.7,7.143,0.0,1,OK
2026-06-04 11:08:34,0.6,8.333,1.19,1,OK
2026-06-04 11:08:35,0.6,8.333,0.0,1,OK
2026-06-04 11:08:36,0.6,8.333,0.0,1,OK
2026-06-04 11:08:37,0.7,7.143,1.19,1,OK
2026-06-04 11:08:38,0.5,10.0,2.857,1,OK
2026-06-04 11:08:39,0.4,12.5,2.5,1,OK
2026-06-04 11:08:56,-0.5,,0,0,NO_CURRENT
2026-06-04 11:08:57,-0.7,,0,0,NO_CURRENT
2026-06-04 11:08:58,-0.5,,0,0,NO_CURRENT
2026-06-04 11:08:59,-0.3,,0,0,NO_CURRENT
2026-06-04 11:09:18,-0.7,,0,0,NO_CURRENT
2026-06-04 11:09:19,-0.7,,0,0,NO_CURRENT
2026-06-04 11:09:20,-0.9,,0,0,NO_CURRENT
2026-06-04 11:09:21,-0.4,,0,0,NO_CURRENT
2026-06-04 11:09:22,-0.7,,0,0,NO_CURRENT
2026-06-04 11:09:23,-0.7,,0,0,NO_CURRENT
2026-06-04 11:09:24,-0.8,,0,0,NO_CURRENT
2026-06-04 11:09:25,-0.6,,0,0,NO_CURRENT
2026-06-04 11:09:26,-0.6,,0,0,NO_CURRENT
2026-06-04 11:09:27,-0.7,,0,0,NO_CURRENT
2026-06-04 11:09:28,-0.8,,0,0,NO_CURRENT
2026-06-04 11:09:29,-0.5,,0,0,NO_CURRENT
2026-06-04 11:09:30,-0.4,,0,0,NO_CURRENT
2026-06-04 11:09:31,-0.4,,0,0,NO_CURRENT
2026-06-04 11:09:32,-0.7,,0,0,NO_CURRENT
2026-06-04 11:09:33,-0.8,,0,0,NO_CURRENT
2026-06-04 11:09:34,-0.5,,0,0,NO_CURRENT
2026-06-04 11:09:35,-0.5,,0,0,NO_CURRENT
2026-06-04 11:09:36,-0.4,,0,0,NO_CURRENT
2026-06-04 11:09:37,-0.4,,0,0,NO_CURRENT
2026-06-04 11:09:38,-0.4,,0,0,NO_CURRENT
2026-06-04 11:09:39,-0.4,,0,0,NO_CURRENT
2026-06-04 11:09:40,-0.5,,0,0,NO_CURRENT
2026-06-04 11:09:41,-0.6,,0,0,NO_CURRENT
2026-06-04 11:09:42,-0.2,,0,0,NO_CURRENT
2026-06-04 11:09:43,-0.8,,0,0,NO_CURRENT
2026-06-04 11:09:44,-0.4,,0,0,NO_CURRENT
2026-06-04 11:09:45,-0.8,,0,0,NO_CURRENT
2026-06-04 11:09:46,-0.4,,0,0,NO_CURRENT
2026-06-04 11:09:47,-0.7,,0,0,NO_CURRENT
2026-06-04 11:09:48,-0.7,,0,0,NO_CURRENT
2026-06-04 11:09:49,-0.5,,0,0,NO_CURRENT
2026-06-04 11:09:50,-0.7,,0,0,NO_CURRENT
2026-06-04 11:09:51,-0.4,,0,0,NO_CURRENT
2026-06-04 11:09:52,-0.4,,0,0,NO_CURRENT
2026-06-04 11:09:53,-0.7,,0,0,NO_CURRENT
2026-06-04 11:09:54,-0.9,,0,0,NO_CURRENT
2026-06-04 11:09:55,-0.8,,0,0,NO_CURRENT
2026-06-04 11:09:56,-0.3,,0,0,NO_CURRENT
2026-06-04 11:09:57,-0.5,,0,0,NO_CURRENT
2026-06-04 11:10:42,2.4,2.083,0,0,OK
2026-06-04 11:10:43,2.0,2.5,0.417,0,OK
2026-06-04 11:10:44,2.1,2.381,0.119,0,OK
2026-06-04 11:10:45,2.2,2.273,0.108,0,OK
2026-06-04 11:10:46,2.3,2.174,0.099,0,OK
2026-06-04 11:10:47,2.3,2.174,0.0,0,OK
2026-06-04 11:10:48,2.0,2.5,0.326,0,OK
2026-06-04 11:10:49,2.2,2.273,0.227,0,OK
2026-06-04 11:10:50,2.4,2.083,0.189,0,OK
2026-06-04 11:10:51,2.4,2.083,0.0,0,OK
2026-06-04 11:10:52,2.4,2.083,0.0,0,OK
2026-06-04 11:11:06,2.2,2.273,0,0,OK
2026-06-04 11:11:07,2.1,2.381,0.108,0,OK
2026-06-04 11:11:08,2.2,2.273,0.108,0,OK
2026-06-04 11:11:09,2.1,2.381,0.108,0,OK
2026-06-04 11:11:10,2.1,2.381,0.0,0,OK
2026-06-04 11:11:11,2.2,2.273,0.108,0,OK
2026-06-04 11:11:12,2.1,2.381,0.108,0,OK
2026-06-04 11:11:13,2.0,2.5,0.119,0,OK
2026-06-04 11:12:15,3.2,1.562,0,0,OK
2026-06-04 11:12:16,3.1,1.613,0.05,0,OK
2026-06-04 11:12:17,3.3,1.515,0.098,0,OK
2026-06-04 11:20:43,102.4,0.049,0,0,OK
2026-06-04 11:20:44,102.4,0.049,0.0,0,OK
2026-06-04 11:21:27,3.1,1.613,0,0,OK
2026-06-04 11:21:28,3.4,1.471,0.142,0,OK
2026-06-04 11:21:29,3.2,1.562,0.092,0,OK
2026-06-04 11:21:54,102.4,0.049,0,0,OK
2026-06-04 11:21:55,102.4,0.049,0.0,0,OK
2026-06-04 11:21:56,102.4,0.049,0.0,0,OK
2026-06-04 11:21:57,102.4,0.049,0.0,0,OK
2026-06-04 11:21:58,102.4,0.049,0.0,0,OK
2026-06-04 11:21:59,102.4,0.049,0.0,0,OK
2026-06-04 11:22:00,102.4,0.049,0.0,0,OK
2026-06-04 11:22:01,102.4,0.049,0.0,0,OK
2026-06-04 11:22:02,102.4,0.049,0.0,0,OK
2026-06-04 11:22:03,102.4,0.049,0.0,0,OK
2026-06-04 11:22:04,102.4,0.049,0.0,0,OK
2026-06-04 11:22:05,102.4,0.049,0.0,0,OK
2026-06-04 11:22:06,102.4,0.049,0.0,0,OK
2026-06-04 11:22:07,102.4,0.049,0.0,0,OK
2026-06-04 11:23:32,2.1,2.381,0,0,OK
2026-06-04 11:23:33,2.0,2.5,0.119,0,OK
2026-06-04 11:23:34,2.2,2.273,0.227,0,OK
2026-06-04 11:23:35,2.4,2.083,0.189,0,OK
2026-06-04 11:23:36,2.2,2.273,0.189,0,OK
2026-06-04 11:23:37,2.2,2.273,0.0,0,OK
2026-06-04 11:23:38,2.3,2.174,0.099,0,OK
2026-06-04 11:23:39,2.2,2.273,0.099,0,OK
2026-06-04 11:23:40,2.4,2.083,0.189,0,OK
2026-06-04 11:23:59,0.5,10.0,0,0,OK
2026-06-04 11:24:00,0.5,10.0,0.0,0,OK
2026-06-04 11:24:01,0.4,12.5,2.5,1,OK
2026-06-04 11:24:02,0.4,12.5,0.0,1,OK
2026-06-04 11:24:03,0.5,10.0,2.5,1,OK
2026-06-04 11:24:04,0.4,12.5,2.5,1,OK
2026-06-04 11:24:27,-0.8,,0,0,NO_CURRENT
2026-06-04 11:24:28,-0.5,,0,0,NO_CURRENT
2026-06-04 11:24:29,-0.4,,0,0,NO_CURRENT
2026-06-04 11:24:30,-0.5,,0,0,NO_CURRENT
2026-06-04 11:24:31,-0.5,,0,0,NO_CURRENT
2026-06-04 11:24:32,-0.4,,0,0,NO_CURRENT
2026-06-04 11:24:33,-0.7,,0,0,NO_CURRENT
2026-06-04 11:24:34,-0.4,,0,0,NO_CURRENT
2026-06-04 11:24:35,-0.7,,0,0,NO_CURRENT
2026-06-04 11:24:36,-0.7,,0,0,NO_CURRENT
2026-06-04 11:24:37,-0.6,,0,0,NO_CURRENT
2026-06-04 11:24:38,-0.7,,0,0,NO_CURRENT
2026-06-04 11:24:39,-0.6,,0,0,NO_CURRENT
2026-06-04 11:24:40,-0.3,,0,0,NO_CURRENT
2026-06-04 11:24:41,-0.3,,0,0,NO_CURRENT
2026-06-04 11:24:42,-0.5,,0,0,NO_CURRENT
2026-06-04 11:24:43,-0.4,,0,0,NO_CURRENT
2026-06-04 12:23:00,2.0,2.5,0,0,OK
2026-06-04 12:23:01,2.2,2.273,0.227,0,OK
2026-06-04 12:23:02,2.3,2.174,0.099,0,OK
2026-06-04 12:23:03,2.2,2.273,0.099,0,OK
2026-06-04 12:23:04,2.3,2.174,0.099,0,OK
